<?xml version="1.0" encoding="utf-8"?>
<Messages>
	<Message prefix="[HLS 200-10]" severity="info" keynum="HLS_10_1312" content="Analyzing design file &apos;sort.c&apos; ... " tag=""/>
	<Message prefix="[HLS 200-10]" severity="info" keynum="HLS_10_1465" content="Validating synthesis directives ..." tag=""/>
	<Message prefix="[HLS 200-111]" severity="info" keynum="473" content="Finished Checking Pragmas Time (s): cpu = 00:00:07 ; elapsed = 00:00:06 . Memory (MB): peak = 364.957 ; gain = 19.520 ; free physical = 2333 ; free virtual = 12816" tag=""/>
	<Message prefix="[HLS 200-111]" severity="info" keynum="473" content="Finished Linking Time (s): cpu = 00:00:10 ; elapsed = 00:00:08 . Memory (MB): peak = 364.957 ; gain = 19.520 ; free physical = 2341 ; free virtual = 12824" tag=""/>
	<Message prefix="[HLS 200-10]" severity="info" keynum="HLS_10_1467" content="Starting code transformations ..." tag=""/>
	<Message prefix="[HLS 200-111]" severity="info" keynum="473" content="Finished Standard Transforms Time (s): cpu = 00:00:11 ; elapsed = 00:00:10 . Memory (MB): peak = 364.957 ; gain = 19.520 ; free physical = 2339 ; free virtual = 12822" tag=""/>
	<Message prefix="[HLS 200-10]" severity="info" keynum="HLS_10_1472" content="Checking synthesizability ..." tag=""/>
	<Message prefix="[HLS 200-111]" severity="info" keynum="473" content="Finished Checking Synthesizability Time (s): cpu = 00:00:11 ; elapsed = 00:00:10 . Memory (MB): peak = 364.957 ; gain = 19.520 ; free physical = 2339 ; free virtual = 12822" tag=""/>
	<Message prefix="[XFORM 203-11]" severity="info" keynum="754" content="Balancing expressions in function &apos;merge&apos; (sort.c:3)...3 expression(s) balanced." tag=""/>
	<Message prefix="[HLS 200-111]" severity="info" keynum="473" content="Finished Pre-synthesis Time (s): cpu = 00:00:11 ; elapsed = 00:00:10 . Memory (MB): peak = 492.953 ; gain = 147.516 ; free physical = 2318 ; free virtual = 12802" tag=""/>
	<Message prefix="[HLS 200-111]" severity="info" keynum="473" content="Finished Architecture Synthesis Time (s): cpu = 00:00:12 ; elapsed = 00:00:11 . Memory (MB): peak = 492.953 ; gain = 147.516 ; free physical = 2319 ; free virtual = 12802" tag=""/>
	<Message prefix="[HLS 200-10]" severity="info" keynum="HLS_10_1317" content="Starting hardware synthesis ..." tag=""/>
	<Message prefix="[HLS 200-10]" severity="info" keynum="HLS_10_1385" content="Synthesizing &apos;ms_mergesort&apos; ..." tag=""/>
	<Message prefix="[HLS 200-10]" severity="info" keynum="HLS_10_1477" content="----------------------------------------------------------------" tag=""/>
	<Message prefix="[HLS 200-42]" severity="info" keynum="HLS_42_1438" content="-- Implementing module &apos;merge&apos; " tag=""/>
	<Message prefix="[HLS 200-10]" severity="info" keynum="HLS_10_1478" content="----------------------------------------------------------------" tag=""/>
	<Message prefix="[SCHED 204-11]" severity="info" keynum="139" content="Starting scheduling ..." tag=""/>
	<Message prefix="[SCHED 204-11]" severity="info" keynum="138" content="Finished scheduling." tag=""/>
	<Message prefix="[HLS 200-111]" severity="info" keynum="474" content=" Elapsed time: 10.91 seconds; current allocated memory: 69.446 MB." tag=""/>
	<Message prefix="[BIND 205-100]" severity="info" keynum="439" content="Starting micro-architecture generation ..." tag=""/>
	<Message prefix="[BIND 205-101]" severity="info" keynum="211" content="Performing variable lifetime analysis." tag=""/>
	<Message prefix="[BIND 205-101]" severity="info" keynum="210" content="Exploring resource sharing." tag=""/>
	<Message prefix="[BIND 205-101]" severity="info" keynum="206" content="Binding ..." tag=""/>
	<Message prefix="[BIND 205-100]" severity="info" keynum="438" content="Finished micro-architecture generation." tag=""/>
	<Message prefix="[HLS 200-111]" severity="info" keynum="474" content=" Elapsed time: 0.04 seconds; current allocated memory: 69.706 MB." tag=""/>
	<Message prefix="[HLS 200-10]" severity="info" keynum="HLS_10_1477" content="----------------------------------------------------------------" tag=""/>
	<Message prefix="[HLS 200-42]" severity="info" keynum="HLS_42_1438" content="-- Implementing module &apos;ms_mergesort&apos; " tag=""/>
	<Message prefix="[HLS 200-10]" severity="info" keynum="HLS_10_1478" content="----------------------------------------------------------------" tag=""/>
	<Message prefix="[SCHED 204-11]" severity="info" keynum="139" content="Starting scheduling ..." tag=""/>
	<Message prefix="[SCHED 204-11]" severity="info" keynum="138" content="Finished scheduling." tag=""/>
	<Message prefix="[HLS 200-111]" severity="info" keynum="474" content=" Elapsed time: 0.06 seconds; current allocated memory: 69.873 MB." tag=""/>
	<Message prefix="[BIND 205-100]" severity="info" keynum="439" content="Starting micro-architecture generation ..." tag=""/>
	<Message prefix="[BIND 205-101]" severity="info" keynum="211" content="Performing variable lifetime analysis." tag=""/>
	<Message prefix="[BIND 205-101]" severity="info" keynum="210" content="Exploring resource sharing." tag=""/>
	<Message prefix="[BIND 205-101]" severity="info" keynum="206" content="Binding ..." tag=""/>
	<Message prefix="[BIND 205-100]" severity="info" keynum="438" content="Finished micro-architecture generation." tag=""/>
	<Message prefix="[HLS 200-111]" severity="info" keynum="474" content=" Elapsed time: 0.02 seconds; current allocated memory: 69.991 MB." tag=""/>
	<Message prefix="[HLS 200-10]" severity="info" keynum="HLS_10_1483" content="----------------------------------------------------------------" tag=""/>
	<Message prefix="[HLS 200-10]" severity="info" keynum="HLS_10_1484" content="-- Generating RTL for module &apos;merge&apos; " tag=""/>
	<Message prefix="[HLS 200-10]" severity="info" keynum="HLS_10_1485" content="----------------------------------------------------------------" tag=""/>
	<Message prefix="[RTGEN 206-100]" severity="info" keynum="369" content="Finished creating RTL model for &apos;merge&apos;." tag=""/>
	<Message prefix="[HLS 200-111]" severity="info" keynum="474" content=" Elapsed time: 0.06 seconds; current allocated memory: 70.352 MB." tag=""/>
	<Message prefix="[HLS 200-10]" severity="info" keynum="HLS_10_1483" content="----------------------------------------------------------------" tag=""/>
	<Message prefix="[HLS 200-10]" severity="info" keynum="HLS_10_1484" content="-- Generating RTL for module &apos;ms_mergesort&apos; " tag=""/>
	<Message prefix="[HLS 200-10]" severity="info" keynum="HLS_10_1485" content="----------------------------------------------------------------" tag=""/>
	<Message prefix="[RTGEN 206-500]" severity="info" keynum="73" content="Setting interface mode on port &apos;ms_mergesort/a&apos; to &apos;ap_memory&apos;." tag=""/>
	<Message prefix="[RTGEN 206-500]" severity="info" keynum="73" content="Setting interface mode on function &apos;ms_mergesort&apos; to &apos;ap_ctrl_hs&apos;." tag=""/>
	<Message prefix="[RTGEN 206-100]" severity="info" keynum="369" content="Finished creating RTL model for &apos;ms_mergesort&apos;." tag=""/>
	<Message prefix="[HLS 200-111]" severity="info" keynum="474" content=" Elapsed time: 0.13 seconds; current allocated memory: 71.598 MB." tag=""/>
	<Message prefix="[RTMG 210-278]" severity="info" keynum="RTMG_278_1790" content="Implementing memory &apos;merge_temp_ram (RAM)&apos; using block RAMs." tag=""/>
	<Message prefix="[HLS 200-111]" severity="info" keynum="473" content="Finished generating all RTL models Time (s): cpu = 00:00:12 ; elapsed = 00:00:12 . Memory (MB): peak = 492.953 ; gain = 147.516 ; free physical = 2312 ; free virtual = 12796" tag=""/>
	<Message prefix="[SYSC 207-301]" severity="info" keynum="SYSC_301_1065" content="Generating SystemC RTL for ms_mergesort." tag=""/>
	<Message prefix="[VHDL 208-304]" severity="info" keynum="VHDL_304_1066" content="Generating VHDL RTL for ms_mergesort." tag=""/>
	<Message prefix="[VLOG 209-307]" severity="info" keynum="VLOG_307_1067" content="Generating Verilog RTL for ms_mergesort." tag=""/>
	<Message prefix="[HLS 200-112]" severity="info" keynum="472" content="Total elapsed time: 11.56 seconds; peak allocated memory: 71.598 MB." tag=""/>
</Messages>
