<stg><name>merge</name>


<trans_list>

<trans id="75" from="1" to="2">
<condition id="27">
<or_exp><and_exp></and_exp></or_exp>
</condition>
</trans>

<trans id="76" from="2" to="3">
<condition id="28">
<or_exp><and_exp><literal name="tmp" val="0"/>
</and_exp></or_exp>
</condition>
</trans>

<trans id="79" from="2" to="4">
<condition id="33">
<or_exp><and_exp><literal name="tmp" val="1"/>
</and_exp></or_exp>
</condition>
</trans>

<trans id="78" from="3" to="2">
<condition id="31">
<or_exp><and_exp></and_exp></or_exp>
</condition>
</trans>

<trans id="80" from="4" to="5">
<condition id="34">
<or_exp><and_exp><literal name="tmp_8" val="0"/>
</and_exp></or_exp>
</condition>
</trans>

<trans id="83" from="4" to="6">
<condition id="39">
<or_exp><and_exp><literal name="tmp_8" val="1"/>
</and_exp></or_exp>
</condition>
</trans>

<trans id="82" from="5" to="4">
<condition id="37">
<or_exp><and_exp></and_exp></or_exp>
</condition>
</trans>

<trans id="84" from="6" to="7">
<condition id="40">
<or_exp><and_exp><literal name="tmp_4" val="0"/>
</and_exp></or_exp>
</condition>
</trans>

<trans id="86" from="7" to="6">
<condition id="43">
<or_exp><and_exp></and_exp></or_exp>
</condition>
</trans>
</trans_list>



<state_list>

<state id="1" st_id="1">

<operation id="8" st_id="1" stage="1" lat="1">
<core>NULL</core>
<MemPortIdVec></MemPortIdVec>
<condition id="0">
<or_exp><and_exp></and_exp></or_exp>
</condition>

<Node id="5" bw="32" op_0_bw="32" op_1_bw="32">
<![CDATA[
:0  %stop_read = call i32 @_ssdm_op_Read.ap_auto.i32(i32 %stop)

]]></Node>
<StgValue><ssdm name="stop_read"/></StgValue>
</operation>

<operation id="9" st_id="1" stage="1" lat="1">
<core>NULL</core>
<MemPortIdVec></MemPortIdVec>
<condition id="0">
<or_exp><and_exp></and_exp></or_exp>
</condition>

<Node id="6" bw="32" op_0_bw="32" op_1_bw="32">
<![CDATA[
:1  %m_read = call i32 @_ssdm_op_Read.ap_auto.i32(i32 %m)

]]></Node>
<StgValue><ssdm name="m_read"/></StgValue>
</operation>

<operation id="10" st_id="1" stage="1" lat="1">
<core>NULL</core>
<MemPortIdVec></MemPortIdVec>
<condition id="0">
<or_exp><and_exp></and_exp></or_exp>
</condition>

<Node id="7" bw="32" op_0_bw="32" op_1_bw="32">
<![CDATA[
:2  %start_read = call i32 @_ssdm_op_Read.ap_auto.i32(i32 %start)

]]></Node>
<StgValue><ssdm name="start_read"/></StgValue>
</operation>

<operation id="11" st_id="1" stage="1" lat="1">
<core>RAM</core>
<MemPortIdVec></MemPortIdVec>
<condition id="0">
<or_exp><and_exp></and_exp></or_exp>
</condition>

<Node id="8" bw="32" op_0_bw="64">
<![CDATA[
:3  %temp = alloca [2048 x i32], align 16

]]></Node>
<StgValue><ssdm name="temp"/><MemPortTyVec>2 1 </MemPortTyVec>
</StgValue>
</operation>

<operation id="12" st_id="1" stage="1" lat="1">
<core>NULL</core>
<MemPortIdVec></MemPortIdVec>
<condition id="0">
<or_exp><and_exp></and_exp></or_exp>
</condition>

<Node id="9" bw="0" op_0_bw="0">
<![CDATA[
:4  br label %1

]]></Node>
<StgValue><ssdm name=""/></StgValue>
</operation>
</state>

<state id="2" st_id="2">

<operation id="13" st_id="2" stage="1" lat="1">
<core>NULL</core>
<MemPortIdVec></MemPortIdVec>
<condition id="1">
<or_exp><and_exp></and_exp></or_exp>
</condition>

<Node id="11" bw="32" op_0_bw="32" op_1_bw="0">
<![CDATA[
:0  %i = phi i32 [ %start_read, %0 ], [ %i_2, %2 ]

]]></Node>
<StgValue><ssdm name="i"/></StgValue>
</operation>

<operation id="14" st_id="2" stage="1" lat="1">
<core>Cmp</core>
<MemPortIdVec></MemPortIdVec>
<condition id="1">
<or_exp><and_exp></and_exp></or_exp>
</condition>

<Node id="12" bw="1" op_0_bw="32" op_1_bw="32">
<![CDATA[
:1  %tmp = icmp sgt i32 %i, %m_read

]]></Node>
<StgValue><ssdm name="tmp"/></StgValue>
</operation>

<operation id="15" st_id="2" stage="1" lat="1">
<core>NULL</core>
<MemPortIdVec></MemPortIdVec>
<condition id="1">
<or_exp><and_exp></and_exp></or_exp>
</condition>

<Node id="13" bw="0" op_0_bw="1" op_1_bw="0" op_2_bw="0">
<![CDATA[
:2  br i1 %tmp, label %.preheader1.preheader, label %2

]]></Node>
<StgValue><ssdm name=""/></StgValue>
</operation>

<operation id="16" st_id="2" stage="1" lat="1">
<core>NULL</core>
<MemPortIdVec></MemPortIdVec>
<condition id="3">
<or_exp><and_exp><literal name="tmp" val="0"/>
</and_exp></or_exp>
</condition>

<Node id="16" bw="64" op_0_bw="32">
<![CDATA[
:1  %tmp_6 = sext i32 %i to i64

]]></Node>
<StgValue><ssdm name="tmp_6"/></StgValue>
</operation>

<operation id="17" st_id="2" stage="1" lat="1">
<core>NULL</core>
<MemPortIdVec></MemPortIdVec>
<condition id="3">
<or_exp><and_exp><literal name="tmp" val="0"/>
</and_exp></or_exp>
</condition>

<Node id="17" bw="11" op_0_bw="32" op_1_bw="64" op_2_bw="64">
<![CDATA[
:2  %a_addr = getelementptr [2048 x i32]* %a, i64 0, i64 %tmp_6

]]></Node>
<StgValue><ssdm name="a_addr"/></StgValue>
</operation>

<operation id="18" st_id="2" stage="2" lat="2">
<core>RAM</core>
<MemPortIdVec>0 </MemPortIdVec>
<condition id="3">
<or_exp><and_exp><literal name="tmp" val="0"/>
</and_exp></or_exp>
</condition>

<Node id="18" bw="32" op_0_bw="11">
<![CDATA[
:3  %a_load = load i32* %a_addr, align 4

]]></Node>
<StgValue><ssdm name="a_load"/></StgValue>
</operation>

<operation id="19" st_id="2" stage="1" lat="1">
<core>AddSub</core>
<MemPortIdVec></MemPortIdVec>
<condition id="3">
<or_exp><and_exp><literal name="tmp" val="0"/>
</and_exp></or_exp>
</condition>

<Node id="21" bw="32" op_0_bw="32" op_1_bw="32">
<![CDATA[
:6  %i_2 = add nsw i32 %i, 1

]]></Node>
<StgValue><ssdm name="i_2"/></StgValue>
</operation>

<operation id="20" st_id="2" stage="1" lat="1">
<core>AddSub</core>
<MemPortIdVec></MemPortIdVec>
<condition id="5">
<or_exp><and_exp><literal name="tmp" val="1"/>
</and_exp></or_exp>
</condition>

<Node id="24" bw="32" op_0_bw="32" op_1_bw="32">
<![CDATA[
.preheader1.preheader:0  %tmp1 = add i32 %m_read, %stop_read

]]></Node>
<StgValue><ssdm name="tmp1"/></StgValue>
</operation>

<operation id="21" st_id="2" stage="1" lat="1">
<core>NULL</core>
<MemPortIdVec></MemPortIdVec>
<condition id="5">
<or_exp><and_exp><literal name="tmp" val="1"/>
</and_exp></or_exp>
</condition>

<Node id="25" bw="0" op_0_bw="0">
<![CDATA[
.preheader1.preheader:1  br label %.preheader1

]]></Node>
<StgValue><ssdm name=""/></StgValue>
</operation>
</state>

<state id="3" st_id="3">

<operation id="22" st_id="3" stage="1" lat="1">
<core>NULL</core>
<MemPortIdVec></MemPortIdVec>
<condition id="6">
<or_exp><and_exp></and_exp></or_exp>
</condition>

<Node id="15" bw="0" op_0_bw="0" op_1_bw="0">
<![CDATA[
:0  call void (...)* @_ssdm_op_SpecLoopName([13 x i8]* @p_str) nounwind

]]></Node>
<StgValue><ssdm name=""/></StgValue>
</operation>

<operation id="23" st_id="3" stage="1" lat="2">
<core>RAM</core>
<MemPortIdVec>0 </MemPortIdVec>
<condition id="6">
<or_exp><and_exp></and_exp></or_exp>
</condition>

<Node id="18" bw="32" op_0_bw="11">
<![CDATA[
:3  %a_load = load i32* %a_addr, align 4

]]></Node>
<StgValue><ssdm name="a_load"/></StgValue>
</operation>

<operation id="24" st_id="3" stage="1" lat="1">
<core>NULL</core>
<MemPortIdVec></MemPortIdVec>
<condition id="6">
<or_exp><and_exp></and_exp></or_exp>
</condition>

<Node id="19" bw="11" op_0_bw="32" op_1_bw="64" op_2_bw="64">
<![CDATA[
:4  %temp_addr = getelementptr inbounds [2048 x i32]* %temp, i64 0, i64 %tmp_6

]]></Node>
<StgValue><ssdm name="temp_addr"/></StgValue>
</operation>

<operation id="25" st_id="3" stage="1" lat="1">
<core>RAM</core>
<MemPortIdVec>0 </MemPortIdVec>
<condition id="6">
<or_exp><and_exp></and_exp></or_exp>
</condition>

<Node id="20" bw="0" op_0_bw="32" op_1_bw="11">
<![CDATA[
:5  store i32 %a_load, i32* %temp_addr, align 4

]]></Node>
<StgValue><ssdm name=""/></StgValue>
</operation>

<operation id="26" st_id="3" stage="1" lat="1">
<core>NULL</core>
<MemPortIdVec></MemPortIdVec>
<condition id="6">
<or_exp><and_exp></and_exp></or_exp>
</condition>

<Node id="22" bw="0" op_0_bw="0">
<![CDATA[
:7  br label %1

]]></Node>
<StgValue><ssdm name=""/></StgValue>
</operation>
</state>

<state id="4" st_id="4">

<operation id="27" st_id="4" stage="1" lat="1">
<core>NULL</core>
<MemPortIdVec></MemPortIdVec>
<condition id="7">
<or_exp><and_exp></and_exp></or_exp>
</condition>

<Node id="27" bw="32" op_0_bw="32" op_1_bw="0">
<![CDATA[
.preheader1:0  %j_0_in = phi i32 [ %j, %3 ], [ %m_read, %.preheader1.preheader ]

]]></Node>
<StgValue><ssdm name="j_0_in"/></StgValue>
</operation>

<operation id="28" st_id="4" stage="1" lat="1">
<core>AddSub</core>
<MemPortIdVec></MemPortIdVec>
<condition id="7">
<or_exp><and_exp></and_exp></or_exp>
</condition>

<Node id="28" bw="32" op_0_bw="32" op_1_bw="32">
<![CDATA[
.preheader1:1  %j = add nsw i32 %j_0_in, 1

]]></Node>
<StgValue><ssdm name="j"/></StgValue>
</operation>

<operation id="29" st_id="4" stage="1" lat="1">
<core>Cmp</core>
<MemPortIdVec></MemPortIdVec>
<condition id="7">
<or_exp><and_exp></and_exp></or_exp>
</condition>

<Node id="29" bw="1" op_0_bw="32" op_1_bw="32">
<![CDATA[
.preheader1:2  %tmp_8 = icmp sgt i32 %j, %stop_read

]]></Node>
<StgValue><ssdm name="tmp_8"/></StgValue>
</operation>

<operation id="30" st_id="4" stage="1" lat="1">
<core>NULL</core>
<MemPortIdVec></MemPortIdVec>
<condition id="7">
<or_exp><and_exp></and_exp></or_exp>
</condition>

<Node id="30" bw="0" op_0_bw="1" op_1_bw="0" op_2_bw="0">
<![CDATA[
.preheader1:3  br i1 %tmp_8, label %.preheader.preheader, label %3

]]></Node>
<StgValue><ssdm name=""/></StgValue>
</operation>

<operation id="31" st_id="4" stage="1" lat="1">
<core>NULL</core>
<MemPortIdVec></MemPortIdVec>
<condition id="9">
<or_exp><and_exp><literal name="tmp_8" val="0"/>
</and_exp></or_exp>
</condition>

<Node id="33" bw="64" op_0_bw="32">
<![CDATA[
:1  %tmp_9 = sext i32 %j to i64

]]></Node>
<StgValue><ssdm name="tmp_9"/></StgValue>
</operation>

<operation id="32" st_id="4" stage="1" lat="1">
<core>NULL</core>
<MemPortIdVec></MemPortIdVec>
<condition id="9">
<or_exp><and_exp><literal name="tmp_8" val="0"/>
</and_exp></or_exp>
</condition>

<Node id="34" bw="11" op_0_bw="32" op_1_bw="64" op_2_bw="64">
<![CDATA[
:2  %a_addr_1 = getelementptr [2048 x i32]* %a, i64 0, i64 %tmp_9

]]></Node>
<StgValue><ssdm name="a_addr_1"/></StgValue>
</operation>

<operation id="33" st_id="4" stage="2" lat="2">
<core>RAM</core>
<MemPortIdVec>0 </MemPortIdVec>
<condition id="9">
<or_exp><and_exp><literal name="tmp_8" val="0"/>
</and_exp></or_exp>
</condition>

<Node id="35" bw="32" op_0_bw="11">
<![CDATA[
:3  %a_load_1 = load i32* %a_addr_1, align 4

]]></Node>
<StgValue><ssdm name="a_load_1"/></StgValue>
</operation>

<operation id="34" st_id="4" stage="1" lat="1">
<core>AddSub</core>
<MemPortIdVec></MemPortIdVec>
<condition id="9">
<or_exp><and_exp><literal name="tmp_8" val="0"/>
</and_exp></or_exp>
</condition>

<Node id="36" bw="32" op_0_bw="32" op_1_bw="32">
<![CDATA[
:4  %tmp_2 = sub i32 %tmp1, %j_0_in

]]></Node>
<StgValue><ssdm name="tmp_2"/></StgValue>
</operation>

<operation id="35" st_id="4" stage="1" lat="1">
<core>NULL</core>
<MemPortIdVec></MemPortIdVec>
<condition id="11">
<or_exp><and_exp><literal name="tmp_8" val="1"/>
</and_exp></or_exp>
</condition>

<Node id="42" bw="32" op_0_bw="32">
<![CDATA[
.preheader.preheader:0  %j_1 = alloca i32

]]></Node>
<StgValue><ssdm name="j_1"/></StgValue>
</operation>

<operation id="36" st_id="4" stage="1" lat="1">
<core>NULL</core>
<MemPortIdVec></MemPortIdVec>
<condition id="11">
<or_exp><and_exp><literal name="tmp_8" val="1"/>
</and_exp></or_exp>
</condition>

<Node id="43" bw="32" op_0_bw="32">
<![CDATA[
.preheader.preheader:1  %i_1 = alloca i32

]]></Node>
<StgValue><ssdm name="i_1"/></StgValue>
</operation>

<operation id="37" st_id="4" stage="1" lat="1">
<core>NULL</core>
<MemPortIdVec></MemPortIdVec>
<condition id="11">
<or_exp><and_exp><literal name="tmp_8" val="1"/>
</and_exp></or_exp>
</condition>

<Node id="44" bw="0" op_0_bw="32" op_1_bw="32">
<![CDATA[
.preheader.preheader:2  store i32 %start_read, i32* %i_1

]]></Node>
<StgValue><ssdm name=""/></StgValue>
</operation>

<operation id="38" st_id="4" stage="1" lat="1">
<core>NULL</core>
<MemPortIdVec></MemPortIdVec>
<condition id="11">
<or_exp><and_exp><literal name="tmp_8" val="1"/>
</and_exp></or_exp>
</condition>

<Node id="45" bw="0" op_0_bw="32" op_1_bw="32">
<![CDATA[
.preheader.preheader:3  store i32 %stop_read, i32* %j_1

]]></Node>
<StgValue><ssdm name=""/></StgValue>
</operation>

<operation id="39" st_id="4" stage="1" lat="1">
<core>NULL</core>
<MemPortIdVec></MemPortIdVec>
<condition id="11">
<or_exp><and_exp><literal name="tmp_8" val="1"/>
</and_exp></or_exp>
</condition>

<Node id="46" bw="0" op_0_bw="0">
<![CDATA[
.preheader.preheader:4  br label %.preheader

]]></Node>
<StgValue><ssdm name=""/></StgValue>
</operation>
</state>

<state id="5" st_id="5">

<operation id="40" st_id="5" stage="1" lat="1">
<core>NULL</core>
<MemPortIdVec></MemPortIdVec>
<condition id="12">
<or_exp><and_exp></and_exp></or_exp>
</condition>

<Node id="32" bw="0" op_0_bw="0" op_1_bw="0">
<![CDATA[
:0  call void (...)* @_ssdm_op_SpecLoopName([13 x i8]* @p_str1) nounwind

]]></Node>
<StgValue><ssdm name=""/></StgValue>
</operation>

<operation id="41" st_id="5" stage="1" lat="2">
<core>RAM</core>
<MemPortIdVec>0 </MemPortIdVec>
<condition id="12">
<or_exp><and_exp></and_exp></or_exp>
</condition>

<Node id="35" bw="32" op_0_bw="11">
<![CDATA[
:3  %a_load_1 = load i32* %a_addr_1, align 4

]]></Node>
<StgValue><ssdm name="a_load_1"/></StgValue>
</operation>

<operation id="42" st_id="5" stage="1" lat="1">
<core>NULL</core>
<MemPortIdVec></MemPortIdVec>
<condition id="12">
<or_exp><and_exp></and_exp></or_exp>
</condition>

<Node id="37" bw="64" op_0_bw="32">
<![CDATA[
:5  %tmp_3 = sext i32 %tmp_2 to i64

]]></Node>
<StgValue><ssdm name="tmp_3"/></StgValue>
</operation>

<operation id="43" st_id="5" stage="1" lat="1">
<core>NULL</core>
<MemPortIdVec></MemPortIdVec>
<condition id="12">
<or_exp><and_exp></and_exp></or_exp>
</condition>

<Node id="38" bw="11" op_0_bw="32" op_1_bw="64" op_2_bw="64">
<![CDATA[
:6  %temp_addr_1 = getelementptr inbounds [2048 x i32]* %temp, i64 0, i64 %tmp_3

]]></Node>
<StgValue><ssdm name="temp_addr_1"/></StgValue>
</operation>

<operation id="44" st_id="5" stage="1" lat="1">
<core>RAM</core>
<MemPortIdVec>0 </MemPortIdVec>
<condition id="12">
<or_exp><and_exp></and_exp></or_exp>
</condition>

<Node id="39" bw="0" op_0_bw="32" op_1_bw="11">
<![CDATA[
:7  store i32 %a_load_1, i32* %temp_addr_1, align 4

]]></Node>
<StgValue><ssdm name=""/></StgValue>
</operation>

<operation id="45" st_id="5" stage="1" lat="1">
<core>NULL</core>
<MemPortIdVec></MemPortIdVec>
<condition id="12">
<or_exp><and_exp></and_exp></or_exp>
</condition>

<Node id="40" bw="0" op_0_bw="0">
<![CDATA[
:8  br label %.preheader1

]]></Node>
<StgValue><ssdm name=""/></StgValue>
</operation>
</state>

<state id="6" st_id="6">

<operation id="46" st_id="6" stage="1" lat="1">
<core>NULL</core>
<MemPortIdVec></MemPortIdVec>
<condition id="13">
<or_exp><and_exp></and_exp></or_exp>
</condition>

<Node id="48" bw="32" op_0_bw="32" op_1_bw="0">
<![CDATA[
.preheader:0  %k = phi i32 [ %k_1, %7 ], [ %start_read, %.preheader.preheader ]

]]></Node>
<StgValue><ssdm name="k"/></StgValue>
</operation>

<operation id="47" st_id="6" stage="1" lat="1">
<core>Cmp</core>
<MemPortIdVec></MemPortIdVec>
<condition id="13">
<or_exp><and_exp></and_exp></or_exp>
</condition>

<Node id="49" bw="1" op_0_bw="32" op_1_bw="32">
<![CDATA[
.preheader:1  %tmp_4 = icmp sgt i32 %k, %stop_read

]]></Node>
<StgValue><ssdm name="tmp_4"/></StgValue>
</operation>

<operation id="48" st_id="6" stage="1" lat="1">
<core>NULL</core>
<MemPortIdVec></MemPortIdVec>
<condition id="13">
<or_exp><and_exp></and_exp></or_exp>
</condition>

<Node id="50" bw="0" op_0_bw="1" op_1_bw="0" op_2_bw="0">
<![CDATA[
.preheader:2  br i1 %tmp_4, label %8, label %4

]]></Node>
<StgValue><ssdm name=""/></StgValue>
</operation>

<operation id="49" st_id="6" stage="1" lat="1">
<core>NULL</core>
<MemPortIdVec></MemPortIdVec>
<condition id="15">
<or_exp><and_exp><literal name="tmp_4" val="0"/>
</and_exp></or_exp>
</condition>

<Node id="52" bw="32" op_0_bw="32">
<![CDATA[
:0  %j_1_load = load i32* %j_1

]]></Node>
<StgValue><ssdm name="j_1_load"/></StgValue>
</operation>

<operation id="50" st_id="6" stage="1" lat="1">
<core>NULL</core>
<MemPortIdVec></MemPortIdVec>
<condition id="15">
<or_exp><and_exp><literal name="tmp_4" val="0"/>
</and_exp></or_exp>
</condition>

<Node id="53" bw="32" op_0_bw="32">
<![CDATA[
:1  %i_1_load = load i32* %i_1

]]></Node>
<StgValue><ssdm name="i_1_load"/></StgValue>
</operation>

<operation id="51" st_id="6" stage="1" lat="1">
<core>NULL</core>
<MemPortIdVec></MemPortIdVec>
<condition id="15">
<or_exp><and_exp><literal name="tmp_4" val="0"/>
</and_exp></or_exp>
</condition>

<Node id="55" bw="64" op_0_bw="32">
<![CDATA[
:3  %tmp_5 = sext i32 %j_1_load to i64

]]></Node>
<StgValue><ssdm name="tmp_5"/></StgValue>
</operation>

<operation id="52" st_id="6" stage="1" lat="1">
<core>NULL</core>
<MemPortIdVec></MemPortIdVec>
<condition id="15">
<or_exp><and_exp><literal name="tmp_4" val="0"/>
</and_exp></or_exp>
</condition>

<Node id="56" bw="11" op_0_bw="32" op_1_bw="64" op_2_bw="64">
<![CDATA[
:4  %temp_addr_2 = getelementptr inbounds [2048 x i32]* %temp, i64 0, i64 %tmp_5

]]></Node>
<StgValue><ssdm name="temp_addr_2"/></StgValue>
</operation>

<operation id="53" st_id="6" stage="2" lat="2">
<core>RAM</core>
<MemPortIdVec>0 </MemPortIdVec>
<condition id="15">
<or_exp><and_exp><literal name="tmp_4" val="0"/>
</and_exp></or_exp>
</condition>

<Node id="57" bw="32" op_0_bw="11">
<![CDATA[
:5  %tmp_j = load i32* %temp_addr_2, align 4

]]></Node>
<StgValue><ssdm name="tmp_j"/></StgValue>
</operation>

<operation id="54" st_id="6" stage="1" lat="1">
<core>NULL</core>
<MemPortIdVec></MemPortIdVec>
<condition id="15">
<or_exp><and_exp><literal name="tmp_4" val="0"/>
</and_exp></or_exp>
</condition>

<Node id="58" bw="64" op_0_bw="32">
<![CDATA[
:6  %tmp_7 = sext i32 %i_1_load to i64

]]></Node>
<StgValue><ssdm name="tmp_7"/></StgValue>
</operation>

<operation id="55" st_id="6" stage="1" lat="1">
<core>NULL</core>
<MemPortIdVec></MemPortIdVec>
<condition id="15">
<or_exp><and_exp><literal name="tmp_4" val="0"/>
</and_exp></or_exp>
</condition>

<Node id="59" bw="11" op_0_bw="32" op_1_bw="64" op_2_bw="64">
<![CDATA[
:7  %temp_addr_3 = getelementptr inbounds [2048 x i32]* %temp, i64 0, i64 %tmp_7

]]></Node>
<StgValue><ssdm name="temp_addr_3"/></StgValue>
</operation>

<operation id="56" st_id="6" stage="2" lat="2">
<core>RAM</core>
<MemPortIdVec>1 </MemPortIdVec>
<condition id="15">
<or_exp><and_exp><literal name="tmp_4" val="0"/>
</and_exp></or_exp>
</condition>

<Node id="60" bw="32" op_0_bw="11">
<![CDATA[
:8  %tmp_i = load i32* %temp_addr_3, align 4

]]></Node>
<StgValue><ssdm name="tmp_i"/></StgValue>
</operation>

<operation id="57" st_id="6" stage="1" lat="1">
<core>NULL</core>
<MemPortIdVec></MemPortIdVec>
<condition id="17">
<or_exp><and_exp><literal name="tmp_4" val="1"/>
</and_exp></or_exp>
</condition>

<Node id="79" bw="0">
<![CDATA[
:0  ret void

]]></Node>
<StgValue><ssdm name=""/></StgValue>
</operation>
</state>

<state id="7" st_id="7">

<operation id="58" st_id="7" stage="1" lat="1">
<core>NULL</core>
<MemPortIdVec></MemPortIdVec>
<condition id="18">
<or_exp><and_exp></and_exp></or_exp>
</condition>

<Node id="54" bw="0" op_0_bw="0" op_1_bw="0">
<![CDATA[
:2  call void (...)* @_ssdm_op_SpecLoopName([13 x i8]* @p_str2) nounwind

]]></Node>
<StgValue><ssdm name=""/></StgValue>
</operation>

<operation id="59" st_id="7" stage="1" lat="2">
<core>RAM</core>
<MemPortIdVec>0 </MemPortIdVec>
<condition id="18">
<or_exp><and_exp></and_exp></or_exp>
</condition>

<Node id="57" bw="32" op_0_bw="11">
<![CDATA[
:5  %tmp_j = load i32* %temp_addr_2, align 4

]]></Node>
<StgValue><ssdm name="tmp_j"/></StgValue>
</operation>

<operation id="60" st_id="7" stage="1" lat="2">
<core>RAM</core>
<MemPortIdVec>1 </MemPortIdVec>
<condition id="18">
<or_exp><and_exp></and_exp></or_exp>
</condition>

<Node id="60" bw="32" op_0_bw="11">
<![CDATA[
:8  %tmp_i = load i32* %temp_addr_3, align 4

]]></Node>
<StgValue><ssdm name="tmp_i"/></StgValue>
</operation>

<operation id="61" st_id="7" stage="1" lat="1">
<core>Cmp</core>
<MemPortIdVec></MemPortIdVec>
<condition id="18">
<or_exp><and_exp></and_exp></or_exp>
</condition>

<Node id="61" bw="1" op_0_bw="32" op_1_bw="32">
<![CDATA[
:9  %tmp_s = icmp slt i32 %tmp_j, %tmp_i

]]></Node>
<StgValue><ssdm name="tmp_s"/></StgValue>
</operation>

<operation id="62" st_id="7" stage="1" lat="1">
<core>NULL</core>
<MemPortIdVec></MemPortIdVec>
<condition id="18">
<or_exp><and_exp></and_exp></or_exp>
</condition>

<Node id="62" bw="64" op_0_bw="32">
<![CDATA[
:10  %tmp_1 = sext i32 %k to i64

]]></Node>
<StgValue><ssdm name="tmp_1"/></StgValue>
</operation>

<operation id="63" st_id="7" stage="1" lat="1">
<core>NULL</core>
<MemPortIdVec></MemPortIdVec>
<condition id="18">
<or_exp><and_exp></and_exp></or_exp>
</condition>

<Node id="63" bw="11" op_0_bw="32" op_1_bw="64" op_2_bw="64">
<![CDATA[
:11  %a_addr_2 = getelementptr [2048 x i32]* %a, i64 0, i64 %tmp_1

]]></Node>
<StgValue><ssdm name="a_addr_2"/></StgValue>
</operation>

<operation id="64" st_id="7" stage="1" lat="1">
<core>NULL</core>
<MemPortIdVec></MemPortIdVec>
<condition id="18">
<or_exp><and_exp></and_exp></or_exp>
</condition>

<Node id="64" bw="0" op_0_bw="1" op_1_bw="0" op_2_bw="0">
<![CDATA[
:12  br i1 %tmp_s, label %5, label %6

]]></Node>
<StgValue><ssdm name=""/></StgValue>
</operation>

<operation id="65" st_id="7" stage="1" lat="1">
<core>RAM</core>
<MemPortIdVec>0 </MemPortIdVec>
<condition id="20">
<or_exp><and_exp><literal name="tmp_s" val="0"/>
</and_exp></or_exp>
</condition>

<Node id="66" bw="0" op_0_bw="32" op_1_bw="11">
<![CDATA[
:0  store i32 %tmp_i, i32* %a_addr_2, align 4

]]></Node>
<StgValue><ssdm name=""/></StgValue>
</operation>

<operation id="66" st_id="7" stage="1" lat="1">
<core>AddSub</core>
<MemPortIdVec></MemPortIdVec>
<condition id="20">
<or_exp><and_exp><literal name="tmp_s" val="0"/>
</and_exp></or_exp>
</condition>

<Node id="67" bw="32" op_0_bw="32" op_1_bw="32">
<![CDATA[
:1  %i_3 = add nsw i32 %i_1_load, 1

]]></Node>
<StgValue><ssdm name="i_3"/></StgValue>
</operation>

<operation id="67" st_id="7" stage="1" lat="1">
<core>NULL</core>
<MemPortIdVec></MemPortIdVec>
<condition id="20">
<or_exp><and_exp><literal name="tmp_s" val="0"/>
</and_exp></or_exp>
</condition>

<Node id="68" bw="0" op_0_bw="32" op_1_bw="32">
<![CDATA[
:2  store i32 %i_3, i32* %i_1

]]></Node>
<StgValue><ssdm name=""/></StgValue>
</operation>

<operation id="68" st_id="7" stage="1" lat="1">
<core>NULL</core>
<MemPortIdVec></MemPortIdVec>
<condition id="20">
<or_exp><and_exp><literal name="tmp_s" val="0"/>
</and_exp></or_exp>
</condition>

<Node id="69" bw="0" op_0_bw="0">
<![CDATA[
:3  br label %7

]]></Node>
<StgValue><ssdm name=""/></StgValue>
</operation>

<operation id="69" st_id="7" stage="1" lat="1">
<core>RAM</core>
<MemPortIdVec>0 </MemPortIdVec>
<condition id="22">
<or_exp><and_exp><literal name="tmp_s" val="1"/>
</and_exp></or_exp>
</condition>

<Node id="71" bw="0" op_0_bw="32" op_1_bw="11">
<![CDATA[
:0  store i32 %tmp_j, i32* %a_addr_2, align 4

]]></Node>
<StgValue><ssdm name=""/></StgValue>
</operation>

<operation id="70" st_id="7" stage="1" lat="1">
<core>AddSub</core>
<MemPortIdVec></MemPortIdVec>
<condition id="22">
<or_exp><and_exp><literal name="tmp_s" val="1"/>
</and_exp></or_exp>
</condition>

<Node id="72" bw="32" op_0_bw="32" op_1_bw="32">
<![CDATA[
:1  %j_2 = add nsw i32 %j_1_load, -1

]]></Node>
<StgValue><ssdm name="j_2"/></StgValue>
</operation>

<operation id="71" st_id="7" stage="1" lat="1">
<core>NULL</core>
<MemPortIdVec></MemPortIdVec>
<condition id="22">
<or_exp><and_exp><literal name="tmp_s" val="1"/>
</and_exp></or_exp>
</condition>

<Node id="73" bw="0" op_0_bw="32" op_1_bw="32">
<![CDATA[
:2  store i32 %j_2, i32* %j_1

]]></Node>
<StgValue><ssdm name=""/></StgValue>
</operation>

<operation id="72" st_id="7" stage="1" lat="1">
<core>NULL</core>
<MemPortIdVec></MemPortIdVec>
<condition id="22">
<or_exp><and_exp><literal name="tmp_s" val="1"/>
</and_exp></or_exp>
</condition>

<Node id="74" bw="0" op_0_bw="0">
<![CDATA[
:3  br label %7

]]></Node>
<StgValue><ssdm name=""/></StgValue>
</operation>

<operation id="73" st_id="7" stage="1" lat="1">
<core>AddSub</core>
<MemPortIdVec></MemPortIdVec>
<condition id="25">
<or_exp><and_exp></and_exp></or_exp>
</condition>

<Node id="76" bw="32" op_0_bw="32" op_1_bw="32">
<![CDATA[
:0  %k_1 = add nsw i32 %k, 1

]]></Node>
<StgValue><ssdm name="k_1"/></StgValue>
</operation>

<operation id="74" st_id="7" stage="1" lat="1">
<core>NULL</core>
<MemPortIdVec></MemPortIdVec>
<condition id="25">
<or_exp><and_exp></and_exp></or_exp>
</condition>

<Node id="77" bw="0" op_0_bw="0">
<![CDATA[
:1  br label %.preheader

]]></Node>
<StgValue><ssdm name=""/></StgValue>
</operation>
</state>
</state_list>


<ports>
<port id="87" name="a" dir="2" iftype="1">
<core>RAM</core><StgValue><ssdm name="a"/><MemPortTyVec>2 3 </MemPortTyVec>
</StgValue>
</port>
<port id="88" name="start" dir="0" iftype="0">
<core>NULL</core><StgValue><ssdm name="start"/></StgValue>
</port>
<port id="89" name="m" dir="0" iftype="0">
<core>NULL</core><StgValue><ssdm name="m"/></StgValue>
</port>
<port id="90" name="stop" dir="0" iftype="0">
<core>NULL</core><StgValue><ssdm name="stop"/></StgValue>
</port>
</ports>


<dataflows>
<dataflow id="92" from="_ssdm_op_Read.ap_auto.i32" to="stop_read" fromId="91" toId="8">
</dataflow>
<dataflow id="93" from="stop" to="stop_read" fromId="90" toId="8">
</dataflow>
<dataflow id="94" from="_ssdm_op_Read.ap_auto.i32" to="m_read" fromId="91" toId="9">
</dataflow>
<dataflow id="95" from="m" to="m_read" fromId="89" toId="9">
</dataflow>
<dataflow id="96" from="_ssdm_op_Read.ap_auto.i32" to="start_read" fromId="91" toId="10">
</dataflow>
<dataflow id="97" from="start" to="start_read" fromId="88" toId="10">
</dataflow>
<dataflow id="99" from="StgValue_98" to="temp" fromId="98" toId="11">
</dataflow>
<dataflow id="100" from="start_read" to="i" fromId="10" toId="13">
<condition id="51">
<or_exp><and_exp></and_exp></or_exp>
</condition>
</dataflow>
<dataflow id="101" from="StgValue_12" to="i" fromId="12" toId="13">
</dataflow>
<dataflow id="102" from="i_2" to="i" fromId="19" toId="13">
<BackEdge/>
<condition id="52">
<or_exp><and_exp></and_exp></or_exp>
</condition>
</dataflow>
<dataflow id="103" from="StgValue_26" to="i" fromId="26" toId="13">
<BackEdge/>
</dataflow>
<dataflow id="104" from="i" to="tmp" fromId="13" toId="14">
</dataflow>
<dataflow id="105" from="m_read" to="tmp" fromId="9" toId="14">
</dataflow>
<dataflow id="106" from="tmp" to="StgValue_15" fromId="14" toId="15">
</dataflow>
<dataflow id="107" from="i" to="tmp_6" fromId="13" toId="16">
</dataflow>
<dataflow id="108" from="a" to="a_addr" fromId="87" toId="17">
</dataflow>
<dataflow id="110" from="StgValue_109" to="a_addr" fromId="109" toId="17">
</dataflow>
<dataflow id="111" from="tmp_6" to="a_addr" fromId="16" toId="17">
</dataflow>
<dataflow id="112" from="a_addr" to="a_load" fromId="17" toId="18">
</dataflow>
<dataflow id="113" from="i" to="i_2" fromId="13" toId="19">
</dataflow>
<dataflow id="115" from="StgValue_114" to="i_2" fromId="114" toId="19">
</dataflow>
<dataflow id="116" from="m_read" to="tmp1" fromId="9" toId="20">
</dataflow>
<dataflow id="117" from="stop_read" to="tmp1" fromId="8" toId="20">
</dataflow>
<dataflow id="119" from="_ssdm_op_SpecLoopName" to="StgValue_22" fromId="118" toId="22">
</dataflow>
<dataflow id="121" from="p_str" to="StgValue_22" fromId="120" toId="22">
</dataflow>
<dataflow id="122" from="a_addr" to="a_load" fromId="17" toId="23">
</dataflow>
<dataflow id="123" from="temp" to="temp_addr" fromId="11" toId="24">
</dataflow>
<dataflow id="124" from="StgValue_109" to="temp_addr" fromId="109" toId="24">
</dataflow>
<dataflow id="125" from="tmp_6" to="temp_addr" fromId="16" toId="24">
</dataflow>
<dataflow id="126" from="a_load" to="StgValue_25" fromId="23" toId="25">
</dataflow>
<dataflow id="127" from="temp_addr" to="StgValue_25" fromId="24" toId="25">
</dataflow>
<dataflow id="128" from="j" to="j_0_in" fromId="28" toId="27">
<BackEdge/>
<condition id="53">
<or_exp><and_exp></and_exp></or_exp>
</condition>
</dataflow>
<dataflow id="129" from="StgValue_45" to="j_0_in" fromId="45" toId="27">
<BackEdge/>
</dataflow>
<dataflow id="130" from="m_read" to="j_0_in" fromId="9" toId="27">
<condition id="54">
<or_exp><and_exp><literal name="tmp" val="1"/>
</and_exp></or_exp>
</condition>
</dataflow>
<dataflow id="131" from="StgValue_21" to="j_0_in" fromId="21" toId="27">
</dataflow>
<dataflow id="132" from="j_0_in" to="j" fromId="27" toId="28">
</dataflow>
<dataflow id="133" from="StgValue_114" to="j" fromId="114" toId="28">
</dataflow>
<dataflow id="134" from="j" to="tmp_8" fromId="28" toId="29">
</dataflow>
<dataflow id="135" from="stop_read" to="tmp_8" fromId="8" toId="29">
</dataflow>
<dataflow id="136" from="tmp_8" to="StgValue_30" fromId="29" toId="30">
</dataflow>
<dataflow id="137" from="j" to="tmp_9" fromId="28" toId="31">
</dataflow>
<dataflow id="138" from="a" to="a_addr_1" fromId="87" toId="32">
</dataflow>
<dataflow id="139" from="StgValue_109" to="a_addr_1" fromId="109" toId="32">
</dataflow>
<dataflow id="140" from="tmp_9" to="a_addr_1" fromId="31" toId="32">
</dataflow>
<dataflow id="141" from="a_addr_1" to="a_load_1" fromId="32" toId="33">
</dataflow>
<dataflow id="142" from="tmp1" to="tmp_2" fromId="20" toId="34">
</dataflow>
<dataflow id="143" from="j_0_in" to="tmp_2" fromId="27" toId="34">
</dataflow>
<dataflow id="144" from="StgValue_114" to="j_1" fromId="114" toId="35">
</dataflow>
<dataflow id="145" from="StgValue_114" to="i_1" fromId="114" toId="36">
</dataflow>
<dataflow id="146" from="start_read" to="StgValue_37" fromId="10" toId="37">
</dataflow>
<dataflow id="147" from="i_1" to="StgValue_37" fromId="36" toId="37">
</dataflow>
<dataflow id="148" from="stop_read" to="StgValue_38" fromId="8" toId="38">
</dataflow>
<dataflow id="149" from="j_1" to="StgValue_38" fromId="35" toId="38">
</dataflow>
<dataflow id="150" from="_ssdm_op_SpecLoopName" to="StgValue_40" fromId="118" toId="40">
</dataflow>
<dataflow id="152" from="p_str1" to="StgValue_40" fromId="151" toId="40">
</dataflow>
<dataflow id="153" from="a_addr_1" to="a_load_1" fromId="32" toId="41">
</dataflow>
<dataflow id="154" from="tmp_2" to="tmp_3" fromId="34" toId="42">
</dataflow>
<dataflow id="155" from="temp" to="temp_addr_1" fromId="11" toId="43">
</dataflow>
<dataflow id="156" from="StgValue_109" to="temp_addr_1" fromId="109" toId="43">
</dataflow>
<dataflow id="157" from="tmp_3" to="temp_addr_1" fromId="42" toId="43">
</dataflow>
<dataflow id="158" from="a_load_1" to="StgValue_44" fromId="41" toId="44">
</dataflow>
<dataflow id="159" from="temp_addr_1" to="StgValue_44" fromId="43" toId="44">
</dataflow>
<dataflow id="160" from="k_1" to="k" fromId="73" toId="46">
<BackEdge/>
<condition id="55">
<or_exp><and_exp></and_exp></or_exp>
</condition>
</dataflow>
<dataflow id="161" from="StgValue_74" to="k" fromId="74" toId="46">
<BackEdge/>
</dataflow>
<dataflow id="162" from="start_read" to="k" fromId="10" toId="46">
<condition id="56">
<or_exp><and_exp><literal name="tmp_8" val="1"/>
</and_exp></or_exp>
</condition>
</dataflow>
<dataflow id="163" from="StgValue_39" to="k" fromId="39" toId="46">
</dataflow>
<dataflow id="164" from="k" to="tmp_4" fromId="46" toId="47">
</dataflow>
<dataflow id="165" from="stop_read" to="tmp_4" fromId="8" toId="47">
</dataflow>
<dataflow id="166" from="tmp_4" to="StgValue_48" fromId="47" toId="48">
</dataflow>
<dataflow id="167" from="j_1" to="j_1_load" fromId="35" toId="49">
</dataflow>
<dataflow id="168" from="i_1" to="i_1_load" fromId="36" toId="50">
</dataflow>
<dataflow id="169" from="j_1_load" to="tmp_5" fromId="49" toId="51">
</dataflow>
<dataflow id="170" from="temp" to="temp_addr_2" fromId="11" toId="52">
</dataflow>
<dataflow id="171" from="StgValue_109" to="temp_addr_2" fromId="109" toId="52">
</dataflow>
<dataflow id="172" from="tmp_5" to="temp_addr_2" fromId="51" toId="52">
</dataflow>
<dataflow id="173" from="temp_addr_2" to="tmp_j" fromId="52" toId="53">
</dataflow>
<dataflow id="174" from="i_1_load" to="tmp_7" fromId="50" toId="54">
</dataflow>
<dataflow id="175" from="temp" to="temp_addr_3" fromId="11" toId="55">
</dataflow>
<dataflow id="176" from="StgValue_109" to="temp_addr_3" fromId="109" toId="55">
</dataflow>
<dataflow id="177" from="tmp_7" to="temp_addr_3" fromId="54" toId="55">
</dataflow>
<dataflow id="178" from="temp_addr_3" to="tmp_i" fromId="55" toId="56">
</dataflow>
<dataflow id="179" from="_ssdm_op_SpecLoopName" to="StgValue_58" fromId="118" toId="58">
</dataflow>
<dataflow id="181" from="p_str2" to="StgValue_58" fromId="180" toId="58">
</dataflow>
<dataflow id="182" from="temp_addr_2" to="tmp_j" fromId="52" toId="59">
</dataflow>
<dataflow id="183" from="temp_addr_3" to="tmp_i" fromId="55" toId="60">
</dataflow>
<dataflow id="184" from="tmp_j" to="tmp_s" fromId="59" toId="61">
</dataflow>
<dataflow id="185" from="tmp_i" to="tmp_s" fromId="60" toId="61">
</dataflow>
<dataflow id="186" from="k" to="tmp_1" fromId="46" toId="62">
</dataflow>
<dataflow id="187" from="a" to="a_addr_2" fromId="87" toId="63">
</dataflow>
<dataflow id="188" from="StgValue_109" to="a_addr_2" fromId="109" toId="63">
</dataflow>
<dataflow id="189" from="tmp_1" to="a_addr_2" fromId="62" toId="63">
</dataflow>
<dataflow id="190" from="tmp_s" to="StgValue_64" fromId="61" toId="64">
</dataflow>
<dataflow id="191" from="tmp_i" to="StgValue_65" fromId="60" toId="65">
</dataflow>
<dataflow id="192" from="a_addr_2" to="StgValue_65" fromId="63" toId="65">
</dataflow>
<dataflow id="193" from="i_1_load" to="i_3" fromId="50" toId="66">
</dataflow>
<dataflow id="194" from="StgValue_114" to="i_3" fromId="114" toId="66">
</dataflow>
<dataflow id="195" from="i_3" to="StgValue_67" fromId="66" toId="67">
</dataflow>
<dataflow id="196" from="i_1" to="StgValue_67" fromId="36" toId="67">
</dataflow>
<dataflow id="197" from="tmp_j" to="StgValue_69" fromId="59" toId="69">
</dataflow>
<dataflow id="198" from="a_addr_2" to="StgValue_69" fromId="63" toId="69">
</dataflow>
<dataflow id="199" from="j_1_load" to="j_2" fromId="49" toId="70">
</dataflow>
<dataflow id="201" from="StgValue_200" to="j_2" fromId="200" toId="70">
</dataflow>
<dataflow id="202" from="j_2" to="StgValue_71" fromId="70" toId="71">
</dataflow>
<dataflow id="203" from="j_1" to="StgValue_71" fromId="35" toId="71">
</dataflow>
<dataflow id="204" from="k" to="k_1" fromId="46" toId="73">
</dataflow>
<dataflow id="205" from="StgValue_114" to="k_1" fromId="114" toId="73">
</dataflow>
<dataflow id="206" from="tmp" to="StgValue_2" fromId="14" toId="2">
</dataflow>
<dataflow id="207" from="tmp_8" to="StgValue_4" fromId="29" toId="4">
</dataflow>
<dataflow id="208" from="tmp_4" to="StgValue_6" fromId="47" toId="6">
</dataflow>
<dataflow id="209" from="tmp_s" to="StgValue_7" fromId="61" toId="7">
</dataflow>
</dataflows>


</stg>
