<profile>

<section name = "Vivado HLS Report for 'merge'" level="0">
<item name = "Date">Wed Oct 10 15:22:50 2018
</item>
<item name = "Version">2017.3 (Build 2018833 on Wed Oct 04 20:30:40 MDT 2017)</item>
<item name = "Project">hls_output</item>
<item name = "Solution">hlsSolution</item>
<item name = "Product family">artix7</item>
<item name = "Target device">xc7a100tcsg324-2</item>
</section>

<section name = "Performance Estimates" level="0">
<item name = "Timing (ns)">
<section name = "" level="1">
<item name = "Summary"><table name="" hasTotal="0">
<keys size="4">Clock, Target, Estimated, Uncertainty</keys>
<column name="ap_clk">10.00, 5.54, 1.25</column>
</table>
</item>
</section>
</item>
<item name = "Latency (clock cycles)">
<section name = "" level="1">
<item name = "Summary"><table name="" hasTotal="0">
<keys size="6">, min, max, min, max, Type</keys>
<column name="">?, ?, ?, ?, none</column>
</table>
</item>
<item name = "Detail">
<section name = "" level="1">
<item name = "Instance"><table name="" hasTotal="0">
<keys size="7">Instance, Module, min, max, min, max, Type</keys>
</table>
</item>
<item name = "Loop"><table name="" hasTotal="0">
<keys size="8">Loop Name, min, max, Latency, achieved, target, Count, Pipelined</keys>
<column name="- merge_label1">?, ?, 2, -, -, ?, no</column>
<column name="- merge_label2">?, ?, 2, -, -, ?, no</column>
<column name="- merge_label3">?, ?, 2, -, -, ?, no</column>
</table>
</item>
</section>
</item>
</section>
</item>
</section>

<section name = "Utilization Estimates" level="0">
<item name = "Summary"><table name="" hasTotal="1">
<keys size="5">Name, BRAM_18K, DSP48E, FF, LUT</keys>
<column name="DSP">-, -, -, -</column>
<column name="Expression">-, -, 0, 345</column>
<column name="FIFO">-, -, -, -</column>
<column name="Instance">-, -, -, -</column>
<column name="Memory">4, -, 0, 0</column>
<column name="Multiplexer">-, -, -, 143</column>
<column name="Register">-, -, 423, -</column>
<specialColumn name="Available">270, 240, 126800, 63400</specialColumn>
<specialColumn name="Utilization (%)">1, 0, ~0, ~0</specialColumn>
</table>
</item>
<item name = "Detail">
<section name = "" level="1">
<item name = "Instance"><table name="" hasTotal="1">
<keys size="6">Instance, Module, BRAM_18K, DSP48E, FF, LUT</keys>
</table>
</item>
<item name = "DSP48"><table name="" hasTotal="0">
<keys size="3">Instance, Module, Expression</keys>
</table>
</item>
<item name = "Memory"><table name="" hasTotal="1">
<keys size="9">Memory, Module, BRAM_18K, FF, LUT, Words, Bits, Banks, W*Bits*Banks</keys>
<column name="temp_U">merge_temp, 4, 0, 0, 2048, 32, 1, 65536</column>
</table>
</item>
<item name = "FIFO"><table name="" hasTotal="1">
<keys size="7">Name, BRAM_18K, FF, LUT, Depth, Bits, Size:D*B</keys>
</table>
</item>
<item name = "Expression"><table name="" hasTotal="1">
<keys size="7">Variable Name, Operation, DSP48E, FF, LUT, Bitwidth P0, Bitwidth P1</keys>
<column name="i_2_fu_160_p2">+, 0, 0, 39, 32, 1</column>
<column name="i_3_fu_235_p2">+, 0, 0, 39, 32, 1</column>
<column name="j_2_fu_245_p2">+, 0, 0, 39, 32, 2</column>
<column name="j_fu_170_p2">+, 0, 0, 39, 32, 1</column>
<column name="k_1_fu_255_p2">+, 0, 0, 39, 32, 1</column>
<column name="tmp1_fu_166_p2">+, 0, 0, 39, 32, 32</column>
<column name="tmp_2_fu_186_p2">-, 0, 0, 39, 32, 32</column>
<column name="tmp_4_fu_203_p2">icmp, 0, 0, 18, 32, 32</column>
<column name="tmp_8_fu_176_p2">icmp, 0, 0, 18, 32, 32</column>
<column name="tmp_fu_150_p2">icmp, 0, 0, 18, 32, 32</column>
<column name="tmp_s_fu_224_p2">icmp, 0, 0, 18, 32, 32</column>
</table>
</item>
<item name = "Multiplexer"><table name="" hasTotal="1">
<keys size="5">Name, LUT, Input Size, Bits, Total Bits</keys>
<column name="a_address0">21, 4, 11, 44</column>
<column name="a_d0">15, 3, 32, 96</column>
<column name="ap_NS_fsm">41, 8, 1, 8</column>
<column name="i_1_fu_34">9, 2, 32, 64</column>
<column name="i_reg_122">9, 2, 32, 64</column>
<column name="j_0_in_reg_131">9, 2, 32, 64</column>
<column name="j_1_fu_30">9, 2, 32, 64</column>
<column name="k_reg_140">9, 2, 32, 64</column>
<column name="temp_address0">21, 4, 11, 44</column>
</table>
</item>
<item name = "Register"><table name="" hasTotal="1">
<keys size="5">Name, FF, LUT, Bits, Const Bits</keys>
<column name="ap_CS_fsm">7, 0, 7, 0</column>
<column name="i_1_fu_34">32, 0, 32, 0</column>
<column name="i_1_load_reg_346">32, 0, 32, 0</column>
<column name="i_2_reg_296">32, 0, 32, 0</column>
<column name="i_reg_122">32, 0, 32, 0</column>
<column name="j_0_in_reg_131">32, 0, 32, 0</column>
<column name="j_1_fu_30">32, 0, 32, 0</column>
<column name="j_1_load_reg_341">32, 0, 32, 0</column>
<column name="j_reg_306">32, 0, 32, 0</column>
<column name="k_reg_140">32, 0, 32, 0</column>
<column name="tmp1_reg_301">32, 0, 32, 0</column>
<column name="tmp_2_reg_319">32, 0, 32, 0</column>
<column name="tmp_6_reg_286">64, 0, 64, 0</column>
</table>
</item>
</section>
</item>
</section>

<section name = "Interface" level="0">
<item name = "Summary"><table name="" hasTotal="0">
<keys size="6">RTL Ports, Dir, Bits, Protocol, Source Object, C Type</keys>
<column name="ap_clk">in, 1, ap_ctrl_hs, merge, return value</column>
<column name="ap_rst">in, 1, ap_ctrl_hs, merge, return value</column>
<column name="ap_start">in, 1, ap_ctrl_hs, merge, return value</column>
<column name="ap_done">out, 1, ap_ctrl_hs, merge, return value</column>
<column name="ap_idle">out, 1, ap_ctrl_hs, merge, return value</column>
<column name="ap_ready">out, 1, ap_ctrl_hs, merge, return value</column>
<column name="a_address0">out, 11, ap_memory, a, array</column>
<column name="a_ce0">out, 1, ap_memory, a, array</column>
<column name="a_we0">out, 1, ap_memory, a, array</column>
<column name="a_d0">out, 32, ap_memory, a, array</column>
<column name="a_q0">in, 32, ap_memory, a, array</column>
<column name="start">in, 32, ap_none, start, scalar</column>
<column name="m">in, 32, ap_none, m, scalar</column>
<column name="stop">in, 32, ap_none, stop, scalar</column>
</table>
</item>
</section>
</profile>
