<annotationInfo>
<item  id="8" filename="sort.c" linenumber="4" name="temp" contextFuncName="merge" moduleName="merge" rtlName="temp_U" latency="0" BRAM="-1" DSP="-1" FF="-1" LUT="-1" fileDirectory="/home/hannah/Thèse/tests/tests_2018_2019/controlFlowFlatteningTests/2_fpga/merge_sort/test1/sort"></item>
<item  id="12" filename="sort.c" linenumber="7" name="tmp" contextFuncName="merge" moduleName="merge" rtlName="tmp_fu_150_p2" latency="0" BRAM="-1" DSP="-1" FF="0" LUT="18" fileDirectory="/home/hannah/Thèse/tests/tests_2018_2019/controlFlowFlatteningTests/2_fpga/merge_sort/test1/sort"></item>
<item  id="16" filename="sort.c" linenumber="8" name="tmp_6" contextFuncName="merge" moduleName="merge" rtlName="tmp_6_fu_155_p1" latency="0" BRAM="-1" DSP="-1" FF="-1" LUT="-1" fileDirectory="/home/hannah/Thèse/tests/tests_2018_2019/controlFlowFlatteningTests/2_fpga/merge_sort/test1/sort"></item>
<item  id="21" filename="sort.c" linenumber="7" name="i_2" contextFuncName="merge" moduleName="merge" rtlName="i_2_fu_160_p2" latency="0" BRAM="-1" DSP="-1" FF="0" LUT="39" fileDirectory="/home/hannah/Thèse/tests/tests_2018_2019/controlFlowFlatteningTests/2_fpga/merge_sort/test1/sort"></item>
<item  id="24" filename="sort.c" linenumber="12" name="tmp1" contextFuncName="merge" moduleName="merge" rtlName="tmp1_fu_166_p2" latency="0" BRAM="-1" DSP="-1" FF="0" LUT="39" fileDirectory="/home/hannah/Thèse/tests/tests_2018_2019/controlFlowFlatteningTests/2_fpga/merge_sort/test1/sort"></item>
<item  id="28" filename="sort.c" linenumber="11" name="j" contextFuncName="merge" moduleName="merge" rtlName="j_fu_170_p2" latency="0" BRAM="-1" DSP="-1" FF="0" LUT="39" fileDirectory="/home/hannah/Thèse/tests/tests_2018_2019/controlFlowFlatteningTests/2_fpga/merge_sort/test1/sort"></item>
<item  id="29" filename="sort.c" linenumber="11" name="tmp_8" contextFuncName="merge" moduleName="merge" rtlName="tmp_8_fu_176_p2" latency="0" BRAM="-1" DSP="-1" FF="0" LUT="18" fileDirectory="/home/hannah/Thèse/tests/tests_2018_2019/controlFlowFlatteningTests/2_fpga/merge_sort/test1/sort"></item>
<item  id="33" filename="sort.c" linenumber="12" name="tmp_9" contextFuncName="merge" moduleName="merge" rtlName="tmp_9_fu_181_p1" latency="0" BRAM="-1" DSP="-1" FF="-1" LUT="-1" fileDirectory="/home/hannah/Thèse/tests/tests_2018_2019/controlFlowFlatteningTests/2_fpga/merge_sort/test1/sort"></item>
<item  id="36" filename="sort.c" linenumber="12" name="tmp_2" contextFuncName="merge" moduleName="merge" rtlName="tmp_2_fu_186_p2" latency="0" BRAM="-1" DSP="-1" FF="0" LUT="39" fileDirectory="/home/hannah/Thèse/tests/tests_2018_2019/controlFlowFlatteningTests/2_fpga/merge_sort/test1/sort"></item>
<item  id="37" filename="sort.c" linenumber="12" name="tmp_3" contextFuncName="merge" moduleName="merge" rtlName="tmp_3_fu_199_p1" latency="0" BRAM="-1" DSP="-1" FF="-1" LUT="-1" fileDirectory="/home/hannah/Thèse/tests/tests_2018_2019/controlFlowFlatteningTests/2_fpga/merge_sort/test1/sort"></item>
<item  id="49" filename="sort.c" linenumber="18" name="tmp_4" contextFuncName="merge" moduleName="merge" rtlName="tmp_4_fu_203_p2" latency="0" BRAM="-1" DSP="-1" FF="0" LUT="18" fileDirectory="/home/hannah/Thèse/tests/tests_2018_2019/controlFlowFlatteningTests/2_fpga/merge_sort/test1/sort"></item>
<item  id="55" filename="sort.c" linenumber="19" name="tmp_5" contextFuncName="merge" moduleName="merge" rtlName="tmp_5_fu_214_p1" latency="0" BRAM="-1" DSP="-1" FF="-1" LUT="-1" fileDirectory="/home/hannah/Thèse/tests/tests_2018_2019/controlFlowFlatteningTests/2_fpga/merge_sort/test1/sort"></item>
<item  id="58" filename="sort.c" linenumber="20" name="tmp_7" contextFuncName="merge" moduleName="merge" rtlName="tmp_7_fu_219_p1" latency="0" BRAM="-1" DSP="-1" FF="-1" LUT="-1" fileDirectory="/home/hannah/Thèse/tests/tests_2018_2019/controlFlowFlatteningTests/2_fpga/merge_sort/test1/sort"></item>
<item  id="61" filename="sort.c" linenumber="21" name="tmp_s" contextFuncName="merge" moduleName="merge" rtlName="tmp_s_fu_224_p2" latency="0" BRAM="-1" DSP="-1" FF="0" LUT="18" fileDirectory="/home/hannah/Thèse/tests/tests_2018_2019/controlFlowFlatteningTests/2_fpga/merge_sort/test1/sort"></item>
<item  id="62" filename="sort.c" linenumber="22" name="tmp_1" contextFuncName="merge" moduleName="merge" rtlName="tmp_1_fu_230_p1" latency="0" BRAM="-1" DSP="-1" FF="-1" LUT="-1" fileDirectory="/home/hannah/Thèse/tests/tests_2018_2019/controlFlowFlatteningTests/2_fpga/merge_sort/test1/sort"></item>
<item  id="67" filename="sort.c" linenumber="26" name="i_3" contextFuncName="merge" moduleName="merge" rtlName="i_3_fu_235_p2" latency="0" BRAM="-1" DSP="-1" FF="0" LUT="39" fileDirectory="/home/hannah/Thèse/tests/tests_2018_2019/controlFlowFlatteningTests/2_fpga/merge_sort/test1/sort"></item>
<item  id="72" filename="sort.c" linenumber="23" name="j_2" contextFuncName="merge" moduleName="merge" rtlName="j_2_fu_245_p2" latency="0" BRAM="-1" DSP="-1" FF="0" LUT="39" fileDirectory="/home/hannah/Thèse/tests/tests_2018_2019/controlFlowFlatteningTests/2_fpga/merge_sort/test1/sort"></item>
<item  id="76" filename="sort.c" linenumber="18" name="k_1" contextFuncName="merge" moduleName="merge" rtlName="k_1_fu_255_p2" latency="0" BRAM="-1" DSP="-1" FF="0" LUT="39" fileDirectory="/home/hannah/Thèse/tests/tests_2018_2019/controlFlowFlatteningTests/2_fpga/merge_sort/test1/sort"></item>
<item  id="7" filename="sort.c" linenumber="38" name="tmp" contextFuncName="ms_mergesort" moduleName="ms_mergesort" rtlName="tmp_fu_65_p4" latency="0" BRAM="-1" DSP="-1" FF="-1" LUT="-1" fileDirectory="/home/hannah/Thèse/tests/tests_2018_2019/controlFlowFlatteningTests/2_fpga/merge_sort/test1/sort"></item>
<item  id="8" filename="sort.c" linenumber="38" name="icmp" contextFuncName="ms_mergesort" moduleName="ms_mergesort" rtlName="icmp_fu_75_p2" latency="0" BRAM="-1" DSP="-1" FF="0" LUT="18" fileDirectory="/home/hannah/Thèse/tests/tests_2018_2019/controlFlowFlatteningTests/2_fpga/merge_sort/test1/sort"></item>
<item  id="16" filename="sort.c" linenumber="39" name="tmp_2" contextFuncName="ms_mergesort" moduleName="ms_mergesort" rtlName="tmp_2_fu_87_p4" latency="0" BRAM="-1" DSP="-1" FF="-1" LUT="-1" fileDirectory="/home/hannah/Thèse/tests/tests_2018_2019/controlFlowFlatteningTests/2_fpga/merge_sort/test1/sort"></item>
<item  id="17" filename="sort.c" linenumber="39" name="icmp3" contextFuncName="ms_mergesort" moduleName="ms_mergesort" rtlName="icmp3_fu_97_p2" latency="0" BRAM="-1" DSP="-1" FF="0" LUT="18" fileDirectory="/home/hannah/Thèse/tests/tests_2018_2019/controlFlowFlatteningTests/2_fpga/merge_sort/test1/sort"></item>
<item  id="20" filename="sort.c" linenumber="41" name="tmp1" contextFuncName="ms_mergesort" moduleName="ms_mergesort" rtlName="tmp1_fu_103_p2" latency="0" BRAM="-1" DSP="-1" FF="0" LUT="39" fileDirectory="/home/hannah/Thèse/tests/tests_2018_2019/controlFlowFlatteningTests/2_fpga/merge_sort/test1/sort"></item>
<item  id="21" filename="sort.c" linenumber="41" name="mid" contextFuncName="ms_mergesort" moduleName="ms_mergesort" rtlName="mid_fu_109_p2" latency="0" BRAM="-1" DSP="-1" FF="0" LUT="39" fileDirectory="/home/hannah/Thèse/tests/tests_2018_2019/controlFlowFlatteningTests/2_fpga/merge_sort/test1/sort"></item>
<item  id="22" filename="sort.c" linenumber="42" name="to" contextFuncName="ms_mergesort" moduleName="ms_mergesort" rtlName="to_fu_116_p2" latency="0" BRAM="-1" DSP="-1" FF="0" LUT="39" fileDirectory="/home/hannah/Thèse/tests/tests_2018_2019/controlFlowFlatteningTests/2_fpga/merge_sort/test1/sort"></item>
<item  id="23" filename="sort.c" linenumber="43" name="tmp_3" contextFuncName="ms_mergesort" moduleName="ms_mergesort" rtlName="tmp_3_fu_122_p4" latency="0" BRAM="-1" DSP="-1" FF="-1" LUT="-1" fileDirectory="/home/hannah/Thèse/tests/tests_2018_2019/controlFlowFlatteningTests/2_fpga/merge_sort/test1/sort"></item>
<item  id="24" filename="sort.c" linenumber="43" name="icmp6" contextFuncName="ms_mergesort" moduleName="ms_mergesort" rtlName="icmp6_fu_132_p2" latency="0" BRAM="-1" DSP="-1" FF="0" LUT="18" fileDirectory="/home/hannah/Thèse/tests/tests_2018_2019/controlFlowFlatteningTests/2_fpga/merge_sort/test1/sort"></item>
<item  id="27" filename="sort.c" linenumber="47" name="" contextFuncName="ms_mergesort" moduleName="ms_mergesort" rtlName="grp_merge_fu_54" latency="1" BRAM="-1" DSP="-1" FF="-1" LUT="-1" fileDirectory="/home/hannah/Thèse/tests/tests_2018_2019/controlFlowFlatteningTests/2_fpga/merge_sort/test1/sort"></item>
<item  id="30" filename="sort.c" linenumber="44" name="" contextFuncName="ms_mergesort" moduleName="ms_mergesort" rtlName="grp_merge_fu_54" latency="1" BRAM="-1" DSP="-1" FF="-1" LUT="-1" fileDirectory="/home/hannah/Thèse/tests/tests_2018_2019/controlFlowFlatteningTests/2_fpga/merge_sort/test1/sort"></item>
<item  id="33" filename="sort.c" linenumber="39" name="i" contextFuncName="ms_mergesort" moduleName="ms_mergesort" rtlName="i_fu_138_p2" latency="0" BRAM="-1" DSP="-1" FF="0" LUT="39" fileDirectory="/home/hannah/Thèse/tests/tests_2018_2019/controlFlowFlatteningTests/2_fpga/merge_sort/test1/sort"></item>
</annotationInfo>
