<stg><name>ms_mergesort</name>


<trans_list>

<trans id="35" from="1" to="2">
<condition id="21">
<or_exp><and_exp></and_exp></or_exp>
</condition>
</trans>

<trans id="36" from="2" to="3">
<condition id="23">
<or_exp><and_exp><literal name="icmp" val="1"/>
</and_exp></or_exp>
</condition>
</trans>

<trans id="37" from="3" to="4">
<condition id="24">
<or_exp><and_exp><literal name="icmp3" val="1"/>
</and_exp></or_exp>
</condition>
</trans>

<trans id="41" from="3" to="2">
<condition id="30">
<or_exp><and_exp><literal name="icmp3" val="0"/>
</and_exp></or_exp>
</condition>
</trans>

<trans id="40" from="4" to="3">
<condition id="28">
<or_exp><and_exp></and_exp></or_exp>
</condition>
</trans>
</trans_list>



<state_list>

<state id="1" st_id="1">

<operation id="5" st_id="1" stage="1" lat="1">
<core>NULL</core>
<MemPortIdVec></MemPortIdVec>
<condition id="0">
<or_exp><and_exp></and_exp></or_exp>
</condition>

<Node id="2" bw="0" op_0_bw="0" op_1_bw="32">
<![CDATA[
:0  call void (...)* @_ssdm_op_SpecBitsMap([2048 x i32]* %a) nounwind, !map !13

]]></Node>
<StgValue><ssdm name=""/></StgValue>
</operation>

<operation id="6" st_id="1" stage="1" lat="1">
<core>NULL</core>
<MemPortIdVec></MemPortIdVec>
<condition id="0">
<or_exp><and_exp></and_exp></or_exp>
</condition>

<Node id="3" bw="0" op_0_bw="0" op_1_bw="0">
<![CDATA[
:1  call void (...)* @_ssdm_op_SpecTopModule([13 x i8]* @ms_mergesort_str) nounwind

]]></Node>
<StgValue><ssdm name=""/></StgValue>
</operation>

<operation id="7" st_id="1" stage="1" lat="1">
<core>NULL</core>
<MemPortIdVec></MemPortIdVec>
<condition id="0">
<or_exp><and_exp></and_exp></or_exp>
</condition>

<Node id="4" bw="0" op_0_bw="0">
<![CDATA[
:2  br label %.loopexit

]]></Node>
<StgValue><ssdm name=""/></StgValue>
</operation>
</state>

<state id="2" st_id="2">

<operation id="8" st_id="2" stage="1" lat="1">
<core>NULL</core>
<MemPortIdVec></MemPortIdVec>
<condition id="1">
<or_exp><and_exp></and_exp></or_exp>
</condition>

<Node id="6" bw="32" op_0_bw="32" op_1_bw="0">
<![CDATA[
.loopexit:0  %m = phi i32 [ 1, %0 ], [ %m_1, %.loopexit.loopexit ]

]]></Node>
<StgValue><ssdm name="m"/></StgValue>
</operation>

<operation id="9" st_id="2" stage="1" lat="1">
<core>NULL</core>
<MemPortIdVec></MemPortIdVec>
<condition id="1">
<or_exp><and_exp></and_exp></or_exp>
</condition>

<Node id="7" bw="21" op_0_bw="21" op_1_bw="32" op_2_bw="32" op_3_bw="32">
<![CDATA[
.loopexit:1  %tmp = call i21 @_ssdm_op_PartSelect.i21.i32.i32.i32(i32 %m, i32 11, i32 31)

]]></Node>
<StgValue><ssdm name="tmp"/></StgValue>
</operation>

<operation id="10" st_id="2" stage="1" lat="1">
<core>Cmp</core>
<MemPortIdVec></MemPortIdVec>
<condition id="1">
<or_exp><and_exp></and_exp></or_exp>
</condition>

<Node id="8" bw="1" op_0_bw="21" op_1_bw="21">
<![CDATA[
.loopexit:2  %icmp = icmp slt i21 %tmp, 1

]]></Node>
<StgValue><ssdm name="icmp"/></StgValue>
</operation>

<operation id="11" st_id="2" stage="1" lat="1">
<core>NULL</core>
<MemPortIdVec></MemPortIdVec>
<condition id="1">
<or_exp><and_exp></and_exp></or_exp>
</condition>

<Node id="9" bw="32" op_0_bw="32" op_1_bw="64" op_2_bw="64" op_3_bw="64">
<![CDATA[
.loopexit:3  %empty = call i32 (...)* @_ssdm_op_SpecLoopTripCount(i64 11, i64 11, i64 11) nounwind

]]></Node>
<StgValue><ssdm name="empty"/></StgValue>
</operation>

<operation id="12" st_id="2" stage="1" lat="1">
<core>NULL</core>
<MemPortIdVec></MemPortIdVec>
<condition id="1">
<or_exp><and_exp></and_exp></or_exp>
</condition>

<Node id="10" bw="0" op_0_bw="1" op_1_bw="0" op_2_bw="0">
<![CDATA[
.loopexit:4  br i1 %icmp, label %.preheader.preheader, label %5

]]></Node>
<StgValue><ssdm name=""/></StgValue>
</operation>

<operation id="13" st_id="2" stage="1" lat="1">
<core>NULL</core>
<MemPortIdVec></MemPortIdVec>
<condition id="3">
<or_exp><and_exp><literal name="icmp" val="1"/>
</and_exp></or_exp>
</condition>

<Node id="12" bw="32" op_0_bw="32" op_1_bw="32">
<![CDATA[
.preheader.preheader:0  %m_1 = shl i32 %m, 1

]]></Node>
<StgValue><ssdm name="m_1"/></StgValue>
</operation>

<operation id="14" st_id="2" stage="1" lat="1">
<core>NULL</core>
<MemPortIdVec></MemPortIdVec>
<condition id="3">
<or_exp><and_exp><literal name="icmp" val="1"/>
</and_exp></or_exp>
</condition>

<Node id="13" bw="0" op_0_bw="0">
<![CDATA[
.preheader.preheader:1  br label %.preheader

]]></Node>
<StgValue><ssdm name=""/></StgValue>
</operation>

<operation id="15" st_id="2" stage="1" lat="1">
<core>NULL</core>
<MemPortIdVec></MemPortIdVec>
<condition id="5">
<or_exp><and_exp><literal name="icmp" val="0"/>
</and_exp></or_exp>
</condition>

<Node id="38" bw="0">
<![CDATA[
:0  ret void

]]></Node>
<StgValue><ssdm name=""/></StgValue>
</operation>
</state>

<state id="3" st_id="3">

<operation id="16" st_id="3" stage="1" lat="1">
<core>NULL</core>
<MemPortIdVec></MemPortIdVec>
<condition id="6">
<or_exp><and_exp></and_exp></or_exp>
</condition>

<Node id="15" bw="32" op_0_bw="32" op_1_bw="0">
<![CDATA[
.preheader:0  %from = phi i32 [ %i, %4 ], [ 0, %.preheader.preheader ]

]]></Node>
<StgValue><ssdm name="from"/></StgValue>
</operation>

<operation id="17" st_id="3" stage="1" lat="1">
<core>NULL</core>
<MemPortIdVec></MemPortIdVec>
<condition id="6">
<or_exp><and_exp></and_exp></or_exp>
</condition>

<Node id="16" bw="21" op_0_bw="21" op_1_bw="32" op_2_bw="32" op_3_bw="32">
<![CDATA[
.preheader:1  %tmp_2 = call i21 @_ssdm_op_PartSelect.i21.i32.i32.i32(i32 %from, i32 11, i32 31)

]]></Node>
<StgValue><ssdm name="tmp_2"/></StgValue>
</operation>

<operation id="18" st_id="3" stage="1" lat="1">
<core>Cmp</core>
<MemPortIdVec></MemPortIdVec>
<condition id="6">
<or_exp><and_exp></and_exp></or_exp>
</condition>

<Node id="17" bw="1" op_0_bw="21" op_1_bw="21">
<![CDATA[
.preheader:2  %icmp3 = icmp slt i21 %tmp_2, 1

]]></Node>
<StgValue><ssdm name="icmp3"/></StgValue>
</operation>

<operation id="19" st_id="3" stage="1" lat="1">
<core>NULL</core>
<MemPortIdVec></MemPortIdVec>
<condition id="6">
<or_exp><and_exp></and_exp></or_exp>
</condition>

<Node id="18" bw="0" op_0_bw="1" op_1_bw="0" op_2_bw="0">
<![CDATA[
.preheader:3  br i1 %icmp3, label %1, label %.loopexit.loopexit

]]></Node>
<StgValue><ssdm name=""/></StgValue>
</operation>

<operation id="20" st_id="3" stage="1" lat="1">
<core>AddSub</core>
<MemPortIdVec></MemPortIdVec>
<condition id="8">
<or_exp><and_exp><literal name="icmp3" val="1"/>
</and_exp></or_exp>
</condition>

<Node id="20" bw="32" op_0_bw="32" op_1_bw="32">
<![CDATA[
:0  %tmp1 = add i32 %from, -1

]]></Node>
<StgValue><ssdm name="tmp1"/></StgValue>
</operation>

<operation id="21" st_id="3" stage="1" lat="1">
<core>AddSub</core>
<MemPortIdVec></MemPortIdVec>
<condition id="8">
<or_exp><and_exp><literal name="icmp3" val="1"/>
</and_exp></or_exp>
</condition>

<Node id="21" bw="32" op_0_bw="32" op_1_bw="32">
<![CDATA[
:1  %mid = add i32 %tmp1, %m

]]></Node>
<StgValue><ssdm name="mid"/></StgValue>
</operation>

<operation id="22" st_id="3" stage="1" lat="1">
<core>AddSub</core>
<MemPortIdVec></MemPortIdVec>
<condition id="8">
<or_exp><and_exp><literal name="icmp3" val="1"/>
</and_exp></or_exp>
</condition>

<Node id="22" bw="32" op_0_bw="32" op_1_bw="32">
<![CDATA[
:2  %to = add i32 %tmp1, %m_1

]]></Node>
<StgValue><ssdm name="to"/></StgValue>
</operation>

<operation id="23" st_id="3" stage="1" lat="1">
<core>NULL</core>
<MemPortIdVec></MemPortIdVec>
<condition id="8">
<or_exp><and_exp><literal name="icmp3" val="1"/>
</and_exp></or_exp>
</condition>

<Node id="23" bw="21" op_0_bw="21" op_1_bw="32" op_2_bw="32" op_3_bw="32">
<![CDATA[
:3  %tmp_3 = call i21 @_ssdm_op_PartSelect.i21.i32.i32.i32(i32 %to, i32 11, i32 31)

]]></Node>
<StgValue><ssdm name="tmp_3"/></StgValue>
</operation>

<operation id="24" st_id="3" stage="1" lat="1">
<core>Cmp</core>
<MemPortIdVec></MemPortIdVec>
<condition id="8">
<or_exp><and_exp><literal name="icmp3" val="1"/>
</and_exp></or_exp>
</condition>

<Node id="24" bw="1" op_0_bw="21" op_1_bw="21">
<![CDATA[
:4  %icmp6 = icmp slt i21 %tmp_3, 1

]]></Node>
<StgValue><ssdm name="icmp6"/></StgValue>
</operation>

<operation id="25" st_id="3" stage="1" lat="1">
<core>NULL</core>
<MemPortIdVec></MemPortIdVec>
<condition id="8">
<or_exp><and_exp><literal name="icmp3" val="1"/>
</and_exp></or_exp>
</condition>

<Node id="25" bw="0" op_0_bw="1" op_1_bw="0" op_2_bw="0">
<![CDATA[
:5  br i1 %icmp6, label %2, label %3

]]></Node>
<StgValue><ssdm name=""/></StgValue>
</operation>

<operation id="26" st_id="3" stage="2" lat="2">
<core></core>
<MemPortIdVec></MemPortIdVec>
<condition id="10">
<or_exp><and_exp><literal name="icmp3" val="1"/>
<literal name="icmp6" val="0"/>
</and_exp></or_exp>
</condition>

<Node id="27" bw="0" op_0_bw="0" op_1_bw="32" op_2_bw="32" op_3_bw="32" op_4_bw="32">
<![CDATA[
:0  call fastcc void @merge([2048 x i32]* %a, i32 %from, i32 %mid, i32 2048) nounwind

]]></Node>
<StgValue><ssdm name=""/></StgValue>
</operation>

<operation id="27" st_id="3" stage="2" lat="2">
<core></core>
<MemPortIdVec></MemPortIdVec>
<condition id="12">
<or_exp><and_exp><literal name="icmp3" val="1"/>
<literal name="icmp6" val="1"/>
</and_exp></or_exp>
</condition>

<Node id="30" bw="0" op_0_bw="0" op_1_bw="32" op_2_bw="32" op_3_bw="32" op_4_bw="32">
<![CDATA[
:0  call fastcc void @merge([2048 x i32]* %a, i32 %from, i32 %mid, i32 %to) nounwind

]]></Node>
<StgValue><ssdm name=""/></StgValue>
</operation>

<operation id="28" st_id="3" stage="1" lat="1">
<core>NULL</core>
<MemPortIdVec></MemPortIdVec>
<condition id="14">
<or_exp><and_exp><literal name="icmp3" val="0"/>
</and_exp></or_exp>
</condition>

<Node id="36" bw="0" op_0_bw="0">
<![CDATA[
.loopexit.loopexit:0  br label %.loopexit

]]></Node>
<StgValue><ssdm name=""/></StgValue>
</operation>
</state>

<state id="4" st_id="4">

<operation id="29" st_id="4" stage="1" lat="2">
<core></core>
<MemPortIdVec></MemPortIdVec>
<condition id="15">
<or_exp><and_exp><literal name="icmp6" val="0"/>
</and_exp></or_exp>
</condition>

<Node id="27" bw="0" op_0_bw="0" op_1_bw="32" op_2_bw="32" op_3_bw="32" op_4_bw="32">
<![CDATA[
:0  call fastcc void @merge([2048 x i32]* %a, i32 %from, i32 %mid, i32 2048) nounwind

]]></Node>
<StgValue><ssdm name=""/></StgValue>
</operation>

<operation id="30" st_id="4" stage="1" lat="1">
<core>NULL</core>
<MemPortIdVec></MemPortIdVec>
<condition id="15">
<or_exp><and_exp><literal name="icmp6" val="0"/>
</and_exp></or_exp>
</condition>

<Node id="28" bw="0" op_0_bw="0">
<![CDATA[
:1  br label %4

]]></Node>
<StgValue><ssdm name=""/></StgValue>
</operation>

<operation id="31" st_id="4" stage="1" lat="2">
<core></core>
<MemPortIdVec></MemPortIdVec>
<condition id="16">
<or_exp><and_exp><literal name="icmp6" val="1"/>
</and_exp></or_exp>
</condition>

<Node id="30" bw="0" op_0_bw="0" op_1_bw="32" op_2_bw="32" op_3_bw="32" op_4_bw="32">
<![CDATA[
:0  call fastcc void @merge([2048 x i32]* %a, i32 %from, i32 %mid, i32 %to) nounwind

]]></Node>
<StgValue><ssdm name=""/></StgValue>
</operation>

<operation id="32" st_id="4" stage="1" lat="1">
<core>NULL</core>
<MemPortIdVec></MemPortIdVec>
<condition id="16">
<or_exp><and_exp><literal name="icmp6" val="1"/>
</and_exp></or_exp>
</condition>

<Node id="31" bw="0" op_0_bw="0">
<![CDATA[
:1  br label %4

]]></Node>
<StgValue><ssdm name=""/></StgValue>
</operation>

<operation id="33" st_id="4" stage="1" lat="1">
<core>AddSub</core>
<MemPortIdVec></MemPortIdVec>
<condition id="19">
<or_exp><and_exp></and_exp></or_exp>
</condition>

<Node id="33" bw="32" op_0_bw="32" op_1_bw="32">
<![CDATA[
:0  %i = add nsw i32 %m_1, %from

]]></Node>
<StgValue><ssdm name="i"/></StgValue>
</operation>

<operation id="34" st_id="4" stage="1" lat="1">
<core>NULL</core>
<MemPortIdVec></MemPortIdVec>
<condition id="19">
<or_exp><and_exp></and_exp></or_exp>
</condition>

<Node id="34" bw="0" op_0_bw="0">
<![CDATA[
:1  br label %.preheader

]]></Node>
<StgValue><ssdm name=""/></StgValue>
</operation>
</state>
</state_list>


<ports>
<port id="42" name="a" dir="2" iftype="1">
<core>RAM</core><StgValue><ssdm name="a"/><MemPortTyVec>2 3 </MemPortTyVec>
</StgValue>
</port>
</ports>


<dataflows>
<dataflow id="44" from="_ssdm_op_SpecBitsMap" to="StgValue_5" fromId="43" toId="5">
</dataflow>
<dataflow id="45" from="a" to="StgValue_5" fromId="42" toId="5">
</dataflow>
<dataflow id="47" from="_ssdm_op_SpecTopModule" to="StgValue_6" fromId="46" toId="6">
</dataflow>
<dataflow id="49" from="ms_mergesort_str" to="StgValue_6" fromId="48" toId="6">
</dataflow>
<dataflow id="51" from="StgValue_50" to="m" fromId="50" toId="8">
<condition id="35">
<or_exp><and_exp></and_exp></or_exp>
</condition>
</dataflow>
<dataflow id="52" from="StgValue_7" to="m" fromId="7" toId="8">
</dataflow>
<dataflow id="53" from="m_1" to="m" fromId="13" toId="8">
<BackEdge/>
<condition id="36">
<or_exp><and_exp><literal name="icmp3" val="0"/>
</and_exp></or_exp>
</condition>
</dataflow>
<dataflow id="54" from="StgValue_28" to="m" fromId="28" toId="8">
<BackEdge/>
</dataflow>
<dataflow id="56" from="_ssdm_op_PartSelect.i21.i32.i32.i32" to="tmp" fromId="55" toId="9">
</dataflow>
<dataflow id="57" from="m" to="tmp" fromId="8" toId="9">
</dataflow>
<dataflow id="59" from="StgValue_58" to="tmp" fromId="58" toId="9">
</dataflow>
<dataflow id="61" from="StgValue_60" to="tmp" fromId="60" toId="9">
</dataflow>
<dataflow id="62" from="tmp" to="icmp" fromId="9" toId="10">
</dataflow>
<dataflow id="64" from="StgValue_63" to="icmp" fromId="63" toId="10">
</dataflow>
<dataflow id="66" from="_ssdm_op_SpecLoopTripCount" to="empty" fromId="65" toId="11">
</dataflow>
<dataflow id="68" from="StgValue_67" to="empty" fromId="67" toId="11">
</dataflow>
<dataflow id="69" from="StgValue_67" to="empty" fromId="67" toId="11">
</dataflow>
<dataflow id="70" from="StgValue_67" to="empty" fromId="67" toId="11">
</dataflow>
<dataflow id="71" from="icmp" to="StgValue_12" fromId="10" toId="12">
</dataflow>
<dataflow id="72" from="m" to="m_1" fromId="8" toId="13">
</dataflow>
<dataflow id="73" from="StgValue_50" to="m_1" fromId="50" toId="13">
</dataflow>
<dataflow id="74" from="i" to="from" fromId="33" toId="16">
<BackEdge/>
<condition id="37">
<or_exp><and_exp></and_exp></or_exp>
</condition>
</dataflow>
<dataflow id="75" from="StgValue_34" to="from" fromId="34" toId="16">
<BackEdge/>
</dataflow>
<dataflow id="77" from="StgValue_76" to="from" fromId="76" toId="16">
<condition id="38">
<or_exp><and_exp><literal name="icmp" val="1"/>
</and_exp></or_exp>
</condition>
</dataflow>
<dataflow id="78" from="StgValue_14" to="from" fromId="14" toId="16">
</dataflow>
<dataflow id="79" from="_ssdm_op_PartSelect.i21.i32.i32.i32" to="tmp_2" fromId="55" toId="17">
</dataflow>
<dataflow id="80" from="from" to="tmp_2" fromId="16" toId="17">
</dataflow>
<dataflow id="81" from="StgValue_58" to="tmp_2" fromId="58" toId="17">
</dataflow>
<dataflow id="82" from="StgValue_60" to="tmp_2" fromId="60" toId="17">
</dataflow>
<dataflow id="83" from="tmp_2" to="icmp3" fromId="17" toId="18">
</dataflow>
<dataflow id="84" from="StgValue_63" to="icmp3" fromId="63" toId="18">
</dataflow>
<dataflow id="85" from="icmp3" to="StgValue_19" fromId="18" toId="19">
</dataflow>
<dataflow id="86" from="from" to="tmp1" fromId="16" toId="20">
</dataflow>
<dataflow id="88" from="StgValue_87" to="tmp1" fromId="87" toId="20">
</dataflow>
<dataflow id="89" from="tmp1" to="mid" fromId="20" toId="21">
</dataflow>
<dataflow id="90" from="m" to="mid" fromId="8" toId="21">
</dataflow>
<dataflow id="91" from="tmp1" to="to" fromId="20" toId="22">
</dataflow>
<dataflow id="92" from="m_1" to="to" fromId="13" toId="22">
</dataflow>
<dataflow id="93" from="_ssdm_op_PartSelect.i21.i32.i32.i32" to="tmp_3" fromId="55" toId="23">
</dataflow>
<dataflow id="94" from="to" to="tmp_3" fromId="22" toId="23">
</dataflow>
<dataflow id="95" from="StgValue_58" to="tmp_3" fromId="58" toId="23">
</dataflow>
<dataflow id="96" from="StgValue_60" to="tmp_3" fromId="60" toId="23">
</dataflow>
<dataflow id="97" from="tmp_3" to="icmp6" fromId="23" toId="24">
</dataflow>
<dataflow id="98" from="StgValue_63" to="icmp6" fromId="63" toId="24">
</dataflow>
<dataflow id="99" from="icmp6" to="StgValue_25" fromId="24" toId="25">
</dataflow>
<dataflow id="101" from="merge" to="StgValue_26" fromId="100" toId="26">
</dataflow>
<dataflow id="102" from="a" to="StgValue_26" fromId="42" toId="26">
</dataflow>
<dataflow id="103" from="from" to="StgValue_26" fromId="16" toId="26">
</dataflow>
<dataflow id="104" from="mid" to="StgValue_26" fromId="21" toId="26">
</dataflow>
<dataflow id="106" from="StgValue_105" to="StgValue_26" fromId="105" toId="26">
</dataflow>
<dataflow id="107" from="merge" to="StgValue_27" fromId="100" toId="27">
</dataflow>
<dataflow id="108" from="a" to="StgValue_27" fromId="42" toId="27">
</dataflow>
<dataflow id="109" from="from" to="StgValue_27" fromId="16" toId="27">
</dataflow>
<dataflow id="110" from="mid" to="StgValue_27" fromId="21" toId="27">
</dataflow>
<dataflow id="111" from="to" to="StgValue_27" fromId="22" toId="27">
</dataflow>
<dataflow id="112" from="merge" to="StgValue_29" fromId="100" toId="29">
</dataflow>
<dataflow id="113" from="a" to="StgValue_29" fromId="42" toId="29">
</dataflow>
<dataflow id="114" from="from" to="StgValue_29" fromId="16" toId="29">
</dataflow>
<dataflow id="115" from="mid" to="StgValue_29" fromId="21" toId="29">
</dataflow>
<dataflow id="116" from="StgValue_105" to="StgValue_29" fromId="105" toId="29">
</dataflow>
<dataflow id="117" from="merge" to="StgValue_31" fromId="100" toId="31">
</dataflow>
<dataflow id="118" from="a" to="StgValue_31" fromId="42" toId="31">
</dataflow>
<dataflow id="119" from="from" to="StgValue_31" fromId="16" toId="31">
</dataflow>
<dataflow id="120" from="mid" to="StgValue_31" fromId="21" toId="31">
</dataflow>
<dataflow id="121" from="to" to="StgValue_31" fromId="22" toId="31">
</dataflow>
<dataflow id="122" from="m_1" to="i" fromId="13" toId="33">
</dataflow>
<dataflow id="123" from="from" to="i" fromId="16" toId="33">
</dataflow>
<dataflow id="124" from="icmp" to="StgValue_2" fromId="10" toId="2">
</dataflow>
<dataflow id="125" from="icmp3" to="StgValue_3" fromId="18" toId="3">
</dataflow>
<dataflow id="126" from="icmp6" to="StgValue_3" fromId="24" toId="3">
</dataflow>
<dataflow id="127" from="icmp6" to="StgValue_4" fromId="24" toId="4">
</dataflow>
</dataflows>


</stg>
