<profile>

<section name = "Vivado HLS Report for 'ms_mergesort'" level="0">
<item name = "Date">Wed Oct 10 15:22:50 2018
</item>
<item name = "Version">2017.3 (Build 2018833 on Wed Oct 04 20:30:40 MDT 2017)</item>
<item name = "Project">hls_output</item>
<item name = "Solution">hlsSolution</item>
<item name = "Product family">artix7</item>
<item name = "Target device">xc7a100tcsg324-2</item>
</section>

<section name = "Performance Estimates" level="0">
<item name = "Timing (ns)">
<section name = "" level="1">
<item name = "Target clock period (ns)">10.00</item>
<item name = "Clock uncertainty (ns)">1.25</item>
<item name = "Estimated clock period (ns)">7.06</item>
</section>
</item>
<item name = "Latency (clock cycles)">
<section name = "" level="1">
<item name = "Summary"><table name="" hasTotal="0">
<keys size="6">, min, max, min, max, Type</keys>
<column name="">?, ?, ?, ?, none</column>
</table>
</item>
<item name = "Detail">
<section name = "" level="1">
<item name = "Instance"><table name="" hasTotal="0">
<keys size="7">Instance, Module, min, max, min, max, Type</keys>
<column name="grp_merge_fu_54">merge, ?, ?, ?, ?, none</column>
</table>
</item>
<item name = "Loop"><table name="" hasTotal="0">
<keys size="8">Loop Name, min, max, Latency, achieved, target, Count, Pipelined</keys>
<column name="- Loop 1">?, ?, ?, -, -, 11, no</column>
<column name=" + Loop 1.1">?, ?, ?, -, -, ?, no</column>
</table>
</item>
</section>
</item>
</section>
</item>
</section>

<section name = "Utilization Estimates" level="0">
<item name = "Summary"><table name="" hasTotal="1">
<keys size="5">Name, BRAM_18K, DSP48E, FF, LUT</keys>
<column name="DSP">-, -, -, -</column>
<column name="Expression">-, -, 0, 218</column>
<column name="FIFO">-, -, -, -</column>
<column name="Instance">4, -, 423, 488</column>
<column name="Memory">-, -, -, -</column>
<column name="Multiplexer">-, -, -, 78</column>
<column name="Register">-, -, 165, -</column>
<specialColumn name="Available">270, 240, 126800, 63400</specialColumn>
<specialColumn name="Utilization (%)">1, 0, ~0, 1</specialColumn>
</table>
</item>
<item name = "Detail">
<section name = "" level="1">
<item name = "Instance"><table name="" hasTotal="1">
<keys size="6">Instance, Module, BRAM_18K, DSP48E, FF, LUT</keys>
<column name="grp_merge_fu_54">merge, 4, 0, 423, 488</column>
</table>
</item>
<item name = "DSP48"><table name="" hasTotal="0">
<keys size="3">Instance, Module, Expression</keys>
</table>
</item>
<item name = "Memory"><table name="" hasTotal="1">
<keys size="9">Memory, Module, BRAM_18K, FF, LUT, Words, Bits, Banks, W*Bits*Banks</keys>
</table>
</item>
<item name = "FIFO"><table name="" hasTotal="1">
<keys size="7">Name, BRAM_18K, FF, LUT, Depth, Bits, Size:D*B</keys>
</table>
</item>
<item name = "Expression"><table name="" hasTotal="1">
<keys size="7">Variable Name, Operation, DSP48E, FF, LUT, Bitwidth P0, Bitwidth P1</keys>
<column name="i_fu_138_p2">+, 0, 0, 39, 32, 32</column>
<column name="mid_fu_109_p2">+, 0, 0, 39, 32, 32</column>
<column name="tmp1_fu_103_p2">+, 0, 0, 39, 32, 2</column>
<column name="to_fu_116_p2">+, 0, 0, 39, 32, 32</column>
<column name="icmp3_fu_97_p2">icmp, 0, 0, 18, 21, 1</column>
<column name="icmp6_fu_132_p2">icmp, 0, 0, 18, 21, 1</column>
<column name="icmp_fu_75_p2">icmp, 0, 0, 18, 21, 1</column>
<column name="ap_block_state4_on_subcall_done">or, 0, 0, 8, 1, 1</column>
</table>
</item>
<item name = "Multiplexer"><table name="" hasTotal="1">
<keys size="5">Name, LUT, Input Size, Bits, Total Bits</keys>
<column name="a_ce0">9, 2, 1, 2</column>
<column name="a_we0">9, 2, 1, 2</column>
<column name="ap_NS_fsm">27, 5, 1, 5</column>
<column name="from_reg_42">9, 2, 32, 64</column>
<column name="grp_merge_fu_54_stop">15, 3, 32, 96</column>
<column name="m_reg_30">9, 2, 32, 64</column>
</table>
</item>
<item name = "Register"><table name="" hasTotal="1">
<keys size="5">Name, FF, LUT, Bits, Const Bits</keys>
<column name="ap_CS_fsm">4, 0, 4, 0</column>
<column name="ap_reg_grp_merge_fu_54_ap_start">1, 0, 1, 0</column>
<column name="from_reg_42">32, 0, 32, 0</column>
<column name="icmp6_reg_166">1, 0, 1, 0</column>
<column name="m_1_reg_146">31, 0, 32, 1</column>
<column name="m_reg_30">32, 0, 32, 0</column>
<column name="mid_reg_156">32, 0, 32, 0</column>
<column name="to_reg_161">32, 0, 32, 0</column>
</table>
</item>
</section>
</item>
</section>

<section name = "Interface" level="0">
<item name = "Summary"><table name="" hasTotal="0">
<keys size="6">RTL Ports, Dir, Bits, Protocol, Source Object, C Type</keys>
<column name="ap_clk">in, 1, ap_ctrl_hs, ms_mergesort, return value</column>
<column name="ap_rst">in, 1, ap_ctrl_hs, ms_mergesort, return value</column>
<column name="ap_start">in, 1, ap_ctrl_hs, ms_mergesort, return value</column>
<column name="ap_done">out, 1, ap_ctrl_hs, ms_mergesort, return value</column>
<column name="ap_idle">out, 1, ap_ctrl_hs, ms_mergesort, return value</column>
<column name="ap_ready">out, 1, ap_ctrl_hs, ms_mergesort, return value</column>
<column name="a_address0">out, 11, ap_memory, a, array</column>
<column name="a_ce0">out, 1, ap_memory, a, array</column>
<column name="a_we0">out, 1, ap_memory, a, array</column>
<column name="a_d0">out, 32, ap_memory, a, array</column>
<column name="a_q0">in, 32, ap_memory, a, array</column>
</table>
</item>
</section>

<section name = "Critical Path" level="0">
<item name = "Max Delay">7.06</item>
<item name = "Critical Path Table"><table name="Critical Path Table" hasTotal="0">
<keys size="15">Name, Operator, Delay, Accumulated Delay, Store Source, Resource, Core, Interface, Type, Port, Array, Scope, Pointer, Callee, Phi Node</keys>
<column name="'i'">phi, 0.00, 0.00, -, -, -, -, -, -, -, -, -, -, &apos;i&apos;, sort.c:39</column>
<column name="'tmp1', sort.c:41">add, 2.18, 2.18, -, -, -, -, -, -, -, -, -, -, -</column>
<column name="'mid', sort.c:41">add, 2.18, 4.36, -, -, -, -, -, -, -, -, -, -, -</column>
<column name="sort.c:47">call, 2.70, 7.06, -, -, -, -, -, -, -, -, -, merge, -</column>
</table>
</item>
</section>
</profile>
