<profile>

<section name = "Vivado HLS Report for 'ms_mergesort'" level="0">
<item name = "Date">Wed Oct 10 15:22:50 2018
</item>
<item name = "Version">2017.3 (Build 2018833 on Wed Oct 04 20:30:40 MDT 2017)</item>
<item name = "Project">hls_output</item>
<item name = "Solution">hlsSolution</item>
<item name = "Product family">artix7</item>
<item name = "Target device">xc7a100tcsg324-2</item>
</section>

<section name = "Performance Estimates" level="0">
<item name = "Timing (ns)">
<section name = "" level="1">
<item name = "Summary"><table name="" hasTotal="0">
<keys size="4">Clock, Target, Estimated, Uncertainty</keys>
<column name="ap_clk">10.00, 7.06, 1.25</column>
</table>
</item>
</section>
</item>
<item name = "Latency (clock cycles)">
<section name = "" level="1">
<item name = "Summary"><table name="" hasTotal="0">
<keys size="6">, min, max, min, max, Type</keys>
<column name="">?, ?, ?, ?, none</column>
</table>
</item>
<item name = "Detail">
<section name = "" level="1">
<item name = "Instance"><table name="" hasTotal="0">
<keys size="7">Instance, Module, min, max, min, max, Type</keys>
<column name="grp_merge_fu_54">merge, ?, ?, ?, ?, none</column>
</table>
</item>
<item name = "Loop"><table name="" hasTotal="0">
<keys size="8">Loop Name, min, max, Latency, achieved, target, Count, Pipelined</keys>
<column name="- Loop 1">?, ?, ?, -, -, 11, no</column>
<column name=" + Loop 1.1">?, ?, ?, -, -, ?, no</column>
</table>
</item>
</section>
</item>
</section>
</item>
</section>
</profile>
